order_id,customer_id,store_id,city,province,product_id,quantity,unit_price_cad,total_amount_cad,transaction_timestamp
ORD-2026-00001,CUST-5086,NR-STORE-101,Calgary,AB,PRD-1002,3,450.0,1350.0,2026-04-01 07:28:00
ORD-2026-00002,CUST-5117,NR-STORE-104,Lethbridge,AB,PRD-1002,3,450.0,1350.0,2026-06-25 03:49:00
ORD-2026-00003,CUST-5015,NR-STORE-101,Medicine Hat,AB,PRD-1003,1,899.5,899.5,2026-03-03 11:29:00
ORD-2026-00004,CUST-5140,NR-STORE-105,Medicine Hat,AB,PRD-1004,1,189.99,189.99,2026-03-16 04:24:00
ORD-2026-00005,CUST-5015,NR-STORE-104,Red Deer,AB,PRD-1004,2,189.99,379.98,2026-02-12 16:30:00
ORD-2026-00006,CUST-5031,NR-STORE-102,Lethbridge,AB,PRD-1002,2,450.0,900.0,2026-05-16 19:18:00
ORD-2026-00007,CUST-5199,NR-STORE-106,Medicine Hat,AB,PRD-1004,1,189.99,189.99,2026-06-24 13:33:00
ORD-2026-00008,CUST-5014,NR-STORE-104,Medicine Hat,AB,PRD-1004,2,189.99,379.98,2026-04-27 22:11:00
ORD-2026-00009,CUST-5197,NR-STORE-104,Red Deer,AB,PRD-1004,1,189.99,189.99,2026-02-24 04:18:00
ORD-2026-00010,CUST-5098,NR-STORE-106,Calgary,AB,PRD-1002,3,450.0,1350.0,2026-06-07 19:56:00
ORD-2026-00011,CUST-5023,NR-STORE-105,Calgary,AB,PRD-1004,2,189.99,379.98,2026-01-05 01:13:00
ORD-2026-00012,CUST-5185,NR-STORE-103,Medicine Hat,AB,PRD-1003,2,899.5,1799.0,2026-04-17 20:43:00
ORD-2026-00013,CUST-5104,NR-STORE-103,Medicine Hat,AB,PRD-1001,3,299.99,899.97,2026-06-19 12:05:00
ORD-2026-00014,CUST-5140,NR-STORE-102,Lethbridge,AB,PRD-1004,1,189.99,189.99,2026-02-12 09:02:00
ORD-2026-00015,CUST-5055,NR-STORE-104,Calgary,AB,PRD-1003,2,899.5,1799.0,2026-02-06 18:18:00
ORD-2026-00016,CUST-5151,NR-STORE-107,Red Deer,AB,PRD-1004,2,189.99,379.98,2026-03-02 13:40:00
ORD-2026-00017,CUST-5099,NR-STORE-106,Medicine Hat,AB,PRD-1004,2,189.99,379.98,2026-01-04 00:31:00
ORD-2026-00018,CUST-5061,NR-STORE-102,Medicine Hat,AB,PRD-1001,3,299.99,899.97,2026-01-07 00:33:00
ORD-2026-00019,CUST-5068,NR-STORE-102,Medicine Hat,AB,PRD-1004,1,189.99,189.99,2026-06-21 21:26:00
ORD-2026-00020,CUST-5174,NR-STORE-101,Red Deer,AB,PRD-1004,1,189.99,189.99,2026-04-18 15:11:00
ORD-2026-00021,CUST-5146,NR-STORE-101,Lethbridge,AB,PRD-1004,1,189.99,189.99,2026-04-18 13:29:00
ORD-2026-00022,CUST-5080,NR-STORE-103,Lethbridge,AB,PRD-1003,2,899.5,1799.0,2026-02-27 03:30:00
ORD-2026-00023,CUST-5020,NR-STORE-105,Lethbridge,AB,PRD-1004,1,189.99,189.99,2026-03-16 02:49:00
ORD-2026-00024,CUST-5154,NR-STORE-107,Red Deer,AB,PRD-1001,1,299.99,299.99,2026-02-20 23:59:00
ORD-2026-00025,CUST-5086,NR-STORE-107,Edmonton,AB,PRD-1002,1,450.0,450.0,2026-02-11 02:44:00
ORD-2026-00026,CUST-5098,NR-STORE-104,Red Deer,AB,PRD-1002,2,450.0,900.0,2026-02-21 23:57:00
ORD-2026-00027,CUST-5052,NR-STORE-105,Red Deer,AB,PRD-1003,2,899.5,1799.0,2026-04-25 23:29:00
ORD-2026-00028,CUST-5150,NR-STORE-107,Medicine Hat,AB,PRD-1003,1,899.5,899.5,2026-03-24 17:54:00
ORD-2026-00029,CUST-5043,NR-STORE-107,Calgary,AB,PRD-1004,3,189.99,569.97,2026-02-03 08:21:00
ORD-2026-00030,CUST-5087,NR-STORE-101,Calgary,AB,PRD-1004,1,189.99,189.99,2026-04-07 14:42:00
ORD-2026-00031,CUST-5022,NR-STORE-101,Lethbridge,AB,PRD-1001,1,299.99,299.99,2026-03-24 05:33:00
ORD-2026-00032,CUST-5045,NR-STORE-106,Lethbridge,AB,PRD-1004,3,189.99,569.97,2026-06-03 00:19:00
ORD-2026-00033,CUST-5137,NR-STORE-106,Medicine Hat,AB,PRD-1003,2,899.5,1799.0,2026-02-21 01:59:00
ORD-2026-00034,CUST-5117,NR-STORE-107,Medicine Hat,AB,PRD-1003,1,899.5,899.5,2026-01-11 05:30:00
ORD-2026-00035,CUST-5013,NR-STORE-107,Edmonton,AB,PRD-1002,2,450.0,900.0,2026-02-12 08:58:00
ORD-2026-00036,CUST-5121,NR-STORE-101,Red Deer,AB,PRD-1001,2,299.99,599.98,2026-06-26 01:12:00
ORD-2026-00037,CUST-5138,NR-STORE-107,Edmonton,AB,PRD-1002,2,450.0,900.0,2026-04-13 09:58:00
ORD-2026-00038,CUST-5063,NR-STORE-107,Calgary,AB,PRD-1003,1,899.5,899.5,2026-05-14 13:24:00
ORD-2026-00039,CUST-5123,NR-STORE-102,Medicine Hat,AB,PRD-1001,3,299.99,899.97,2026-02-19 04:23:00
ORD-2026-00040,CUST-5144,NR-STORE-101,Red Deer,AB,PRD-1001,2,299.99,599.98,2026-05-04 00:16:00
ORD-2026-00041,CUST-5163,NR-STORE-101,Lethbridge,AB,PRD-1004,2,189.99,379.98,2026-04-30 17:53:00
ORD-2026-00042,CUST-5200,NR-STORE-101,Medicine Hat,AB,PRD-1002,2,450.0,900.0,2026-03-29 21:49:00
ORD-2026-00043,CUST-5020,NR-STORE-107,Calgary,AB,PRD-1004,3,189.99,569.97,2026-05-25 02:24:00
ORD-2026-00044,CUST-5052,NR-STORE-107,Red Deer,AB,PRD-1004,3,189.99,569.97,2026-02-13 22:07:00
ORD-2026-00045,CUST-5156,NR-STORE-107,Red Deer,AB,PRD-1001,3,299.99,899.97,2026-03-09 04:36:00
ORD-2026-00046,CUST-5096,NR-STORE-101,Medicine Hat,AB,PRD-1002,3,450.0,1350.0,2026-01-28 02:52:00
ORD-2026-00047,CUST-5139,NR-STORE-104,Calgary,AB,PRD-1002,2,450.0,900.0,2026-02-15 23:09:00
ORD-2026-00048,CUST-5130,NR-STORE-101,Calgary,AB,PRD-1003,2,899.5,1799.0,2026-06-12 22:05:00
ORD-2026-00049,CUST-5117,NR-STORE-107,Edmonton,AB,PRD-1003,2,899.5,1799.0,2026-04-07 05:15:00
ORD-2026-00050,CUST-5186,NR-STORE-101,Calgary,AB,PRD-1003,3,899.5,2698.5,2026-03-04 15:14:00
ORD-2026-00051,CUST-5136,NR-STORE-104,Calgary,AB,PRD-1004,2,189.99,379.98,2026-05-06 22:00:00
ORD-2026-00052,CUST-5133,NR-STORE-107,Lethbridge,AB,PRD-1003,3,899.5,2698.5,2026-02-27 11:37:00
ORD-2026-00053,CUST-5106,NR-STORE-102,Edmonton,AB,PRD-1002,1,450.0,450.0,2026-05-27 19:05:00
ORD-2026-00054,CUST-5066,NR-STORE-104,Lethbridge,AB,PRD-1001,2,299.99,599.98,2026-04-04 16:03:00
ORD-2026-00055,CUST-5044,NR-STORE-101,Edmonton,AB,PRD-1004,1,189.99,189.99,2026-03-27 10:10:00
ORD-2026-00056,CUST-5090,NR-STORE-102,Calgary,AB,PRD-1002,1,450.0,450.0,2026-03-28 03:47:00
ORD-2026-00057,CUST-5171,NR-STORE-106,Edmonton,AB,PRD-1003,1,899.5,899.5,2026-01-06 08:08:00
ORD-2026-00058,CUST-5167,NR-STORE-102,Lethbridge,AB,PRD-1003,1,899.5,899.5,2026-02-10 19:35:00
ORD-2026-00059,CUST-5055,NR-STORE-103,Red Deer,AB,PRD-1001,1,299.99,299.99,2026-04-02 10:13:00
ORD-2026-00060,CUST-5109,NR-STORE-102,Lethbridge,AB,PRD-1001,2,299.99,599.98,2026-02-18 04:35:00
ORD-2026-00061,CUST-5018,NR-STORE-102,Calgary,AB,PRD-1003,1,899.5,899.5,2026-01-20 14:38:00
ORD-2026-00062,CUST-5175,NR-STORE-106,Medicine Hat,AB,PRD-1004,2,189.99,379.98,2026-01-30 02:53:00
ORD-2026-00063,CUST-5048,NR-STORE-101,Medicine Hat,AB,PRD-1004,1,189.99,189.99,2026-04-10 06:25:00
ORD-2026-00064,CUST-5107,NR-STORE-102,Medicine Hat,AB,PRD-1001,2,299.99,599.98,2026-02-12 14:18:00
ORD-2026-00065,CUST-5000,NR-STORE-105,Lethbridge,AB,PRD-1003,3,899.5,2698.5,2026-05-31 04:07:00
ORD-2026-00066,CUST-5066,NR-STORE-105,Lethbridge,AB,PRD-1004,1,189.99,189.99,2026-04-11 01:05:00
ORD-2026-00067,CUST-5065,NR-STORE-106,Calgary,AB,PRD-1002,2,450.0,900.0,2026-06-22 00:43:00
ORD-2026-00068,CUST-5041,NR-STORE-101,Edmonton,AB,PRD-1003,2,899.5,1799.0,2026-05-02 22:19:00
ORD-2026-00069,CUST-5057,NR-STORE-101,Medicine Hat,AB,PRD-1004,1,189.99,189.99,2026-02-27 20:49:00
ORD-2026-00070,CUST-5012,NR-STORE-107,Calgary,AB,PRD-1003,3,899.5,2698.5,2026-01-26 16:47:00
ORD-2026-00071,CUST-5074,NR-STORE-102,Calgary,AB,PRD-1002,2,450.0,900.0,2026-02-04 18:36:00
ORD-2026-00072,CUST-5185,NR-STORE-107,Red Deer,AB,PRD-1004,1,189.99,189.99,2026-01-09 00:39:00
ORD-2026-00073,CUST-5195,NR-STORE-102,Edmonton,AB,PRD-1001,1,299.99,299.99,2026-06-19 11:14:00
ORD-2026-00074,CUST-5083,NR-STORE-104,Red Deer,AB,PRD-1003,3,899.5,2698.5,2026-01-12 19:39:00
ORD-2026-00075,CUST-5113,NR-STORE-101,Edmonton,AB,PRD-1004,2,189.99,379.98,2026-05-29 06:33:00
ORD-2026-00076,CUST-5069,NR-STORE-101,Calgary,AB,PRD-1004,1,189.99,189.99,2026-03-20 11:16:00
ORD-2026-00077,CUST-5045,NR-STORE-101,Medicine Hat,AB,PRD-1001,1,299.99,299.99,2026-01-20 00:05:00
ORD-2026-00078,CUST-5192,NR-STORE-106,Lethbridge,AB,PRD-1003,1,899.5,899.5,2026-04-17 03:45:00
ORD-2026-00079,CUST-5031,NR-STORE-102,Medicine Hat,AB,PRD-1001,2,299.99,599.98,2026-02-19 20:37:00
ORD-2026-00080,CUST-5027,NR-STORE-105,Red Deer,AB,PRD-1004,1,189.99,189.99,2026-05-03 13:12:00
ORD-2026-00081,CUST-5182,NR-STORE-103,Calgary,AB,PRD-1004,2,189.99,379.98,2026-01-25 17:14:00
ORD-2026-00082,CUST-5097,NR-STORE-101,Calgary,AB,PRD-1004,1,189.99,189.99,2026-01-10 15:26:00
ORD-2026-00083,CUST-5044,NR-STORE-104,Medicine Hat,AB,PRD-1003,3,899.5,2698.5,2026-06-12 01:15:00
ORD-2026-00084,CUST-5141,NR-STORE-101,Lethbridge,AB,PRD-1001,1,299.99,299.99,2026-03-26 19:38:00
ORD-2026-00085,CUST-5107,NR-STORE-106,Calgary,AB,PRD-1002,2,450.0,900.0,2026-04-16 18:56:00
ORD-2026-00086,CUST-5116,NR-STORE-105,Medicine Hat,AB,PRD-1003,2,899.5,1799.0,2026-04-17 14:35:00
ORD-2026-00087,CUST-5035,NR-STORE-107,Calgary,AB,PRD-1002,2,450.0,900.0,2026-05-16 02:12:00
ORD-2026-00088,CUST-5075,NR-STORE-107,Red Deer,AB,PRD-1001,3,299.99,899.97,2026-03-31 21:41:00
ORD-2026-00089,CUST-5125,NR-STORE-102,Medicine Hat,AB,PRD-1004,3,189.99,569.97,2026-06-08 07:16:00
ORD-2026-00090,CUST-5107,NR-STORE-101,Lethbridge,AB,PRD-1001,2,299.99,599.98,2026-03-06 09:04:00
ORD-2026-00091,CUST-5058,NR-STORE-103,Edmonton,AB,PRD-1001,1,299.99,299.99,2026-03-11 21:07:00
ORD-2026-00092,CUST-5160,NR-STORE-104,Calgary,AB,PRD-1001,1,299.99,299.99,2026-01-16 18:17:00
ORD-2026-00093,CUST-5139,NR-STORE-105,Red Deer,AB,PRD-1004,2,189.99,379.98,2026-04-26 07:48:00
ORD-2026-00094,CUST-5179,NR-STORE-101,Red Deer,AB,PRD-1002,2,450.0,900.0,2026-06-29 01:11:00
ORD-2026-00095,CUST-5125,NR-STORE-107,Calgary,AB,PRD-1004,3,189.99,569.97,2026-04-22 10:48:00
ORD-2026-00096,CUST-5061,NR-STORE-106,Red Deer,AB,PRD-1004,2,189.99,379.98,2026-02-10 23:58:00
ORD-2026-00097,CUST-5049,NR-STORE-103,Lethbridge,AB,PRD-1002,1,450.0,450.0,2026-01-24 16:37:00
ORD-2026-00098,CUST-5128,NR-STORE-105,Medicine Hat,AB,PRD-1003,2,899.5,1799.0,2026-01-10 06:48:00
ORD-2026-00099,CUST-5095,NR-STORE-105,Medicine Hat,AB,PRD-1003,1,899.5,899.5,2026-06-07 00:53:00
ORD-2026-00100,CUST-5198,NR-STORE-103,Edmonton,AB,PRD-1001,2,299.99,599.98,2026-06-07 21:19:00
ORD-2026-00101,CUST-5075,NR-STORE-107,Calgary,AB,PRD-1002,1,450.0,450.0,2026-03-29 12:36:00
ORD-2026-00102,CUST-5189,NR-STORE-103,Lethbridge,AB,PRD-1002,3,450.0,1350.0,2026-05-10 10:23:00
ORD-2026-00103,CUST-5047,NR-STORE-102,Calgary,AB,PRD-1003,2,899.5,1799.0,2026-05-23 23:11:00
ORD-2026-00104,CUST-5158,NR-STORE-104,Calgary,AB,PRD-1001,1,299.99,299.99,2026-02-02 09:11:00
ORD-2026-00105,CUST-5088,NR-STORE-107,Calgary,AB,PRD-1002,2,450.0,900.0,2026-03-19 19:54:00
ORD-2026-00106,CUST-5117,NR-STORE-105,Medicine Hat,AB,PRD-1001,1,299.99,299.99,2026-02-05 15:22:00
ORD-2026-00107,CUST-5111,NR-STORE-101,Medicine Hat,AB,PRD-1002,3,450.0,1350.0,2026-01-27 04:44:00
ORD-2026-00108,CUST-5103,NR-STORE-102,Lethbridge,AB,PRD-1002,3,450.0,1350.0,2026-01-15 12:08:00
ORD-2026-00109,CUST-5088,NR-STORE-106,Edmonton,AB,PRD-1003,3,899.5,2698.5,2026-04-20 19:56:00
ORD-2026-00110,CUST-5064,NR-STORE-103,Calgary,AB,PRD-1004,2,189.99,379.98,2026-06-30 03:37:00
ORD-2026-00111,CUST-5081,NR-STORE-104,Edmonton,AB,PRD-1002,2,450.0,900.0,2026-03-12 20:29:00
ORD-2026-00112,CUST-5142,NR-STORE-104,Edmonton,AB,PRD-1003,1,899.5,899.5,2026-05-10 00:58:00
ORD-2026-00113,CUST-5119,NR-STORE-107,Red Deer,AB,PRD-1004,3,189.99,569.97,2026-04-27 11:00:00
ORD-2026-00114,CUST-5127,NR-STORE-102,Edmonton,AB,PRD-1003,1,899.5,899.5,2026-05-08 04:31:00
ORD-2026-00115,CUST-5044,NR-STORE-101,Edmonton,AB,PRD-1002,3,450.0,1350.0,2026-05-24 05:01:00
ORD-2026-00116,CUST-5014,NR-STORE-105,Lethbridge,AB,PRD-1001,2,299.99,599.98,2026-05-01 15:03:00
ORD-2026-00117,CUST-5131,NR-STORE-105,Edmonton,AB,PRD-1004,1,189.99,189.99,2026-03-03 09:53:00
ORD-2026-00118,CUST-5174,NR-STORE-106,Edmonton,AB,PRD-1004,1,189.99,189.99,2026-06-13 09:18:00
ORD-2026-00119,CUST-5011,NR-STORE-101,Calgary,AB,PRD-1002,1,450.0,450.0,2026-05-26 17:25:00
ORD-2026-00120,CUST-5007,NR-STORE-104,Calgary,AB,PRD-1002,2,450.0,900.0,2026-03-11 11:07:00
ORD-2026-00121,CUST-5023,NR-STORE-103,Calgary,AB,PRD-1001,2,299.99,599.98,2026-05-15 13:41:00
ORD-2026-00122,CUST-5174,NR-STORE-103,Calgary,AB,PRD-1002,1,450.0,450.0,2026-01-20 23:28:00
ORD-2026-00123,CUST-5169,NR-STORE-105,Medicine Hat,AB,PRD-1004,2,189.99,379.98,2026-01-11 15:57:00
ORD-2026-00124,CUST-5140,NR-STORE-103,Edmonton,AB,PRD-1002,2,450.0,900.0,2026-06-25 19:14:00
ORD-2026-00125,CUST-5102,NR-STORE-104,Calgary,AB,PRD-1004,2,189.99,379.98,2026-05-20 11:39:00
ORD-2026-00126,CUST-5034,NR-STORE-106,Medicine Hat,AB,PRD-1002,3,450.0,1350.0,2026-06-21 09:27:00
ORD-2026-00127,CUST-5035,NR-STORE-104,Calgary,AB,PRD-1002,2,450.0,900.0,2026-06-01 20:06:00
ORD-2026-00128,CUST-5059,NR-STORE-107,Medicine Hat,AB,PRD-1003,3,899.5,2698.5,2026-05-09 03:15:00
ORD-2026-00129,CUST-5055,NR-STORE-106,Lethbridge,AB,PRD-1003,2,899.5,1799.0,2026-06-08 00:14:00
ORD-2026-00130,CUST-5162,NR-STORE-103,Lethbridge,AB,PRD-1001,3,299.99,899.97,2026-05-06 21:48:00
ORD-2026-00131,CUST-5088,NR-STORE-105,Red Deer,AB,PRD-1004,1,189.99,189.99,2026-06-06 00:55:00
ORD-2026-00132,CUST-5065,NR-STORE-106,Edmonton,AB,PRD-1004,1,189.99,189.99,2026-01-27 17:53:00
ORD-2026-00133,CUST-5135,NR-STORE-101,Red Deer,AB,PRD-1003,2,899.5,1799.0,2026-02-07 10:07:00
ORD-2026-00134,CUST-5036,NR-STORE-101,Edmonton,AB,PRD-1004,1,189.99,189.99,2026-06-15 10:45:00
ORD-2026-00135,CUST-5098,NR-STORE-101,Edmonton,AB,PRD-1003,1,899.5,899.5,2026-01-04 18:11:00
ORD-2026-00136,CUST-5096,NR-STORE-101,Edmonton,AB,PRD-1001,1,299.99,299.99,2026-05-15 18:09:00
ORD-2026-00137,CUST-5168,NR-STORE-107,Calgary,AB,PRD-1002,2,450.0,900.0,2026-04-06 03:59:00
ORD-2026-00138,CUST-5118,NR-STORE-102,Calgary,AB,PRD-1002,2,450.0,900.0,2026-03-26 02:31:00
ORD-2026-00139,CUST-5044,NR-STORE-107,Medicine Hat,AB,PRD-1003,1,899.5,899.5,2026-04-08 16:55:00
ORD-2026-00140,CUST-5200,NR-STORE-105,Edmonton,AB,PRD-1003,1,899.5,899.5,2026-05-20 20:51:00
ORD-2026-00141,CUST-5046,NR-STORE-107,Lethbridge,AB,PRD-1002,1,450.0,450.0,2026-01-16 19:04:00
ORD-2026-00142,CUST-5159,NR-STORE-106,Edmonton,AB,PRD-1002,1,450.0,450.0,2026-03-01 22:52:00
ORD-2026-00143,CUST-5104,NR-STORE-101,Lethbridge,AB,PRD-1004,1,189.99,189.99,2026-05-30 01:58:00
ORD-2026-00144,CUST-5185,NR-STORE-103,Edmonton,AB,PRD-1004,1,189.99,189.99,2026-05-19 02:03:00
ORD-2026-00145,CUST-5190,NR-STORE-103,Red Deer,AB,PRD-1003,2,899.5,1799.0,2026-04-17 14:49:00
ORD-2026-00146,CUST-5117,NR-STORE-106,Calgary,AB,PRD-1001,3,299.99,899.97,2026-01-26 12:48:00
ORD-2026-00147,CUST-5090,NR-STORE-107,Medicine Hat,AB,PRD-1002,3,450.0,1350.0,2026-02-24 17:58:00
ORD-2026-00148,CUST-5026,NR-STORE-101,Red Deer,AB,PRD-1004,2,189.99,379.98,2026-04-03 07:36:00
ORD-2026-00149,CUST-5023,NR-STORE-103,Medicine Hat,AB,PRD-1002,2,450.0,900.0,2026-04-21 07:01:00
ORD-2026-00150,CUST-5032,NR-STORE-101,Lethbridge,AB,PRD-1002,1,450.0,450.0,2026-06-24 20:52:00
ORD-2026-00151,CUST-5025,NR-STORE-104,Medicine Hat,AB,PRD-1002,2,450.0,900.0,2026-02-09 12:20:00
ORD-2026-00152,CUST-5117,NR-STORE-106,Medicine Hat,AB,PRD-1003,1,899.5,899.5,2026-05-24 11:26:00
ORD-2026-00153,CUST-5067,NR-STORE-105,Edmonton,AB,PRD-1004,3,189.99,569.97,2026-03-08 09:22:00
ORD-2026-00154,CUST-5153,NR-STORE-107,Calgary,AB,PRD-1004,1,189.99,189.99,2026-01-24 20:35:00
ORD-2026-00155,CUST-5054,NR-STORE-104,Calgary,AB,PRD-1004,2,189.99,379.98,2026-03-06 10:25:00
ORD-2026-00156,CUST-5032,NR-STORE-102,Red Deer,AB,PRD-1002,2,450.0,900.0,2026-02-23 17:28:00
ORD-2026-00157,CUST-5183,NR-STORE-104,Medicine Hat,AB,PRD-1003,2,899.5,1799.0,2026-02-16 21:04:00
ORD-2026-00158,CUST-5055,NR-STORE-104,Medicine Hat,AB,PRD-1003,2,899.5,1799.0,2026-01-26 08:02:00
ORD-2026-00159,CUST-5160,NR-STORE-107,Edmonton,AB,PRD-1004,1,189.99,189.99,2026-05-25 13:57:00
ORD-2026-00160,CUST-5086,NR-STORE-104,Edmonton,AB,PRD-1002,1,450.0,450.0,2026-06-01 20:31:00
ORD-2026-00161,CUST-5029,NR-STORE-105,Lethbridge,AB,PRD-1001,1,299.99,299.99,2026-05-04 23:10:00
ORD-2026-00162,CUST-5133,NR-STORE-102,Calgary,AB,PRD-1001,3,299.99,899.97,2026-06-24 00:53:00
ORD-2026-00163,CUST-5058,NR-STORE-106,Medicine Hat,AB,PRD-1003,1,899.5,899.5,2026-05-01 18:22:00
ORD-2026-00164,CUST-5178,NR-STORE-102,Lethbridge,AB,PRD-1003,2,899.5,1799.0,2026-01-01 23:22:00
ORD-2026-00165,CUST-5134,NR-STORE-103,Medicine Hat,AB,PRD-1001,1,299.99,299.99,2026-04-03 06:29:00
ORD-2026-00166,CUST-5004,NR-STORE-104,Calgary,AB,PRD-1004,2,189.99,379.98,2026-02-08 12:46:00
ORD-2026-00167,CUST-5171,NR-STORE-107,Calgary,AB,PRD-1002,1,450.0,450.0,2026-05-03 20:47:00
ORD-2026-00168,CUST-5113,NR-STORE-105,Red Deer,AB,PRD-1003,2,899.5,1799.0,2026-01-23 09:24:00
ORD-2026-00169,CUST-5046,NR-STORE-107,Medicine Hat,AB,PRD-1003,3,899.5,2698.5,2026-02-05 13:56:00
ORD-2026-00170,CUST-5041,NR-STORE-105,Medicine Hat,AB,PRD-1001,2,299.99,599.98,2026-04-25 23:20:00
ORD-2026-00171,CUST-5103,NR-STORE-102,Medicine Hat,AB,PRD-1001,1,299.99,299.99,2026-05-10 07:39:00
ORD-2026-00172,CUST-5047,NR-STORE-104,Red Deer,AB,PRD-1004,2,189.99,379.98,2026-02-20 12:26:00
ORD-2026-00173,CUST-5014,NR-STORE-105,Red Deer,AB,PRD-1004,1,189.99,189.99,2026-01-04 11:02:00
ORD-2026-00174,CUST-5165,NR-STORE-101,Medicine Hat,AB,PRD-1003,2,899.5,1799.0,2026-05-22 01:05:00
ORD-2026-00175,CUST-5167,NR-STORE-105,Edmonton,AB,PRD-1004,3,189.99,569.97,2026-03-18 04:24:00
ORD-2026-00176,CUST-5155,NR-STORE-106,Edmonton,AB,PRD-1003,3,899.5,2698.5,2026-02-02 23:16:00
ORD-2026-00177,CUST-5141,NR-STORE-104,Lethbridge,AB,PRD-1003,2,899.5,1799.0,2026-04-26 03:20:00
ORD-2026-00178,CUST-5168,NR-STORE-103,Lethbridge,AB,PRD-1002,2,450.0,900.0,2026-06-14 23:44:00
ORD-2026-00179,CUST-5090,NR-STORE-104,Calgary,AB,PRD-1004,1,189.99,189.99,2026-01-21 11:21:00
ORD-2026-00180,CUST-5180,NR-STORE-101,Lethbridge,AB,PRD-1004,2,189.99,379.98,2026-04-09 01:10:00
ORD-2026-00181,CUST-5191,NR-STORE-106,Red Deer,AB,PRD-1004,1,189.99,189.99,2026-06-30 18:47:00
ORD-2026-00182,CUST-5153,NR-STORE-107,Edmonton,AB,PRD-1001,1,299.99,299.99,2026-06-01 21:21:00
ORD-2026-00183,CUST-5124,NR-STORE-107,Red Deer,AB,PRD-1002,3,450.0,1350.0,2026-04-19 23:56:00
ORD-2026-00184,CUST-5125,NR-STORE-104,Red Deer,AB,PRD-1004,3,189.99,569.97,2026-04-03 04:19:00
ORD-2026-00185,CUST-5126,NR-STORE-105,Lethbridge,AB,PRD-1004,3,189.99,569.97,2026-05-08 04:55:00
ORD-2026-00186,CUST-5107,NR-STORE-107,Red Deer,AB,PRD-1004,2,189.99,379.98,2026-06-24 10:42:00
ORD-2026-00187,CUST-5088,NR-STORE-103,Medicine Hat,AB,PRD-1004,1,189.99,189.99,2026-03-16 19:14:00
ORD-2026-00188,CUST-5095,NR-STORE-103,Edmonton,AB,PRD-1002,3,450.0,1350.0,2026-06-25 23:09:00
ORD-2026-00189,CUST-5197,NR-STORE-103,Red Deer,AB,PRD-1002,2,450.0,900.0,2026-04-27 22:11:00
ORD-2026-00190,CUST-5172,NR-STORE-107,Lethbridge,AB,PRD-1001,3,299.99,899.97,2026-06-04 21:57:00
ORD-2026-00191,CUST-5028,NR-STORE-104,Red Deer,AB,PRD-1002,1,450.0,450.0,2026-04-10 09:17:00
ORD-2026-00192,CUST-5032,NR-STORE-105,Lethbridge,AB,PRD-1004,2,189.99,379.98,2026-06-26 06:32:00
ORD-2026-00193,CUST-5099,NR-STORE-104,Lethbridge,AB,PRD-1003,3,899.5,2698.5,2026-03-04 05:33:00
ORD-2026-00194,CUST-5013,NR-STORE-101,Calgary,AB,PRD-1003,1,899.5,899.5,2026-02-23 13:42:00
ORD-2026-00195,CUST-5164,NR-STORE-103,Edmonton,AB,PRD-1002,1,450.0,450.0,2026-04-15 20:18:00
ORD-2026-00196,CUST-5116,NR-STORE-105,Medicine Hat,AB,PRD-1002,2,450.0,900.0,2026-02-15 22:44:00
ORD-2026-00197,CUST-5082,NR-STORE-106,Lethbridge,AB,PRD-1004,3,189.99,569.97,2026-06-09 01:44:00
ORD-2026-00198,CUST-5051,NR-STORE-101,Red Deer,AB,PRD-1001,2,299.99,599.98,2026-03-21 09:42:00
ORD-2026-00199,CUST-5120,NR-STORE-107,Medicine Hat,AB,PRD-1003,1,899.5,899.5,2026-02-26 15:44:00
ORD-2026-00200,CUST-5141,NR-STORE-101,Calgary,AB,PRD-1002,2,450.0,900.0,2026-04-04 17:19:00
ORD-2026-00201,CUST-5144,NR-STORE-103,Lethbridge,AB,PRD-1002,2,450.0,900.0,2026-04-04 11:56:00
ORD-2026-00202,CUST-5118,NR-STORE-104,Medicine Hat,AB,PRD-1002,2,450.0,900.0,2026-01-18 19:20:00
ORD-2026-00203,CUST-5128,NR-STORE-103,Calgary,AB,PRD-1004,2,189.99,379.98,2026-04-04 13:55:00
ORD-2026-00204,CUST-5133,NR-STORE-106,Edmonton,AB,PRD-1001,1,299.99,299.99,2026-06-07 04:15:00
ORD-2026-00205,CUST-5074,NR-STORE-107,Medicine Hat,AB,PRD-1004,1,189.99,189.99,2026-02-08 13:24:00
ORD-2026-00206,CUST-5049,NR-STORE-101,Edmonton,AB,PRD-1004,1,189.99,189.99,2026-04-14 08:58:00
ORD-2026-00207,CUST-5191,NR-STORE-104,Lethbridge,AB,PRD-1001,1,299.99,299.99,2026-03-04 18:21:00
ORD-2026-00208,CUST-5119,NR-STORE-104,Red Deer,AB,PRD-1003,1,899.5,899.5,2026-04-26 07:40:00
ORD-2026-00209,CUST-5114,NR-STORE-104,Red Deer,AB,PRD-1004,2,189.99,379.98,2026-01-28 19:35:00
ORD-2026-00210,CUST-5070,NR-STORE-106,Calgary,AB,PRD-1003,3,899.5,2698.5,2026-03-29 09:06:00
ORD-2026-00211,CUST-5198,NR-STORE-103,Medicine Hat,AB,PRD-1001,2,299.99,599.98,2026-05-14 19:16:00
ORD-2026-00212,CUST-5180,NR-STORE-107,Medicine Hat,AB,PRD-1004,3,189.99,569.97,2026-04-07 05:07:00
ORD-2026-00213,CUST-5079,NR-STORE-104,Lethbridge,AB,PRD-1001,3,299.99,899.97,2026-05-19 20:19:00
ORD-2026-00214,CUST-5055,NR-STORE-101,Medicine Hat,AB,PRD-1004,2,189.99,379.98,2026-06-18 13:25:00
ORD-2026-00215,CUST-5086,NR-STORE-105,Lethbridge,AB,PRD-1003,2,899.5,1799.0,2026-05-24 00:15:00
ORD-2026-00216,CUST-5138,NR-STORE-105,Medicine Hat,AB,PRD-1003,1,899.5,899.5,2026-03-05 04:30:00
ORD-2026-00217,CUST-5191,NR-STORE-105,Medicine Hat,AB,PRD-1001,1,299.99,299.99,2026-01-07 22:00:00
ORD-2026-00218,CUST-5005,NR-STORE-103,Lethbridge,AB,PRD-1004,3,189.99,569.97,2026-04-23 08:59:00
ORD-2026-00219,CUST-5051,NR-STORE-106,Lethbridge,AB,PRD-1001,3,299.99,899.97,2026-03-08 06:58:00
ORD-2026-00220,CUST-5132,NR-STORE-102,Medicine Hat,AB,PRD-1003,1,899.5,899.5,2026-02-15 01:40:00
ORD-2026-00221,CUST-5182,NR-STORE-107,Lethbridge,AB,PRD-1004,1,189.99,189.99,2026-01-23 17:57:00
ORD-2026-00222,CUST-5156,NR-STORE-101,Edmonton,AB,PRD-1001,2,299.99,599.98,2026-02-23 17:52:00
ORD-2026-00223,CUST-5130,NR-STORE-104,Red Deer,AB,PRD-1001,3,299.99,899.97,2026-01-30 19:07:00
ORD-2026-00224,CUST-5164,NR-STORE-104,Edmonton,AB,PRD-1002,2,450.0,900.0,2026-06-12 11:10:00
ORD-2026-00225,CUST-5115,NR-STORE-103,Medicine Hat,AB,PRD-1004,2,189.99,379.98,2026-06-28 17:00:00
ORD-2026-00226,CUST-5041,NR-STORE-103,Edmonton,AB,PRD-1004,2,189.99,379.98,2026-04-12 23:09:00
ORD-2026-00227,CUST-5189,NR-STORE-106,Lethbridge,AB,PRD-1003,1,899.5,899.5,2026-02-26 10:11:00
ORD-2026-00228,CUST-5064,NR-STORE-107,Calgary,AB,PRD-1004,3,189.99,569.97,2026-04-04 21:03:00
ORD-2026-00229,CUST-5086,NR-STORE-101,Lethbridge,AB,PRD-1004,1,189.99,189.99,2026-02-13 22:43:00
ORD-2026-00230,CUST-5031,NR-STORE-105,Red Deer,AB,PRD-1003,3,899.5,2698.5,2026-06-10 20:17:00
ORD-2026-00231,CUST-5080,NR-STORE-106,Calgary,AB,PRD-1001,3,299.99,899.97,2026-06-25 02:33:00
ORD-2026-00232,CUST-5194,NR-STORE-102,Lethbridge,AB,PRD-1001,3,299.99,899.97,2026-04-08 13:19:00
ORD-2026-00233,CUST-5074,NR-STORE-107,Red Deer,AB,PRD-1003,1,899.5,899.5,2026-03-14 12:48:00
ORD-2026-00234,CUST-5126,NR-STORE-107,Red Deer,AB,PRD-1003,2,899.5,1799.0,2026-02-01 02:59:00
ORD-2026-00235,CUST-5165,NR-STORE-102,Calgary,AB,PRD-1004,2,189.99,379.98,2026-02-26 09:47:00
ORD-2026-00236,CUST-5011,NR-STORE-101,Medicine Hat,AB,PRD-1002,2,450.0,900.0,2026-03-26 19:59:00
ORD-2026-00237,CUST-5019,NR-STORE-102,Lethbridge,AB,PRD-1002,3,450.0,1350.0,2026-05-13 20:55:00
ORD-2026-00238,CUST-5095,NR-STORE-107,Red Deer,AB,PRD-1002,1,450.0,450.0,2026-04-30 17:05:00
ORD-2026-00239,CUST-5094,NR-STORE-101,Edmonton,AB,PRD-1001,2,299.99,599.98,2026-01-14 18:19:00
ORD-2026-00240,CUST-5097,NR-STORE-107,Red Deer,AB,PRD-1003,3,899.5,2698.5,2026-05-18 02:49:00
ORD-2026-00241,CUST-5043,NR-STORE-103,Medicine Hat,AB,PRD-1003,3,899.5,2698.5,2026-02-09 09:11:00
ORD-2026-00242,CUST-5146,NR-STORE-103,Lethbridge,AB,PRD-1003,1,899.5,899.5,2026-02-26 17:20:00
ORD-2026-00243,CUST-5184,NR-STORE-102,Edmonton,AB,PRD-1003,1,899.5,899.5,2026-03-05 16:10:00
ORD-2026-00244,CUST-5068,NR-STORE-104,Red Deer,AB,PRD-1002,3,450.0,1350.0,2026-02-26 18:25:00
ORD-2026-00245,CUST-5095,NR-STORE-105,Red Deer,AB,PRD-1001,1,299.99,299.99,2026-02-23 03:54:00
ORD-2026-00246,CUST-5152,NR-STORE-106,Calgary,AB,PRD-1003,2,899.5,1799.0,2026-05-08 04:56:00
ORD-2026-00247,CUST-5034,NR-STORE-105,Medicine Hat,AB,PRD-1001,2,299.99,599.98,2026-05-23 00:00:00
ORD-2026-00248,CUST-5105,NR-STORE-106,Edmonton,AB,PRD-1002,2,450.0,900.0,2026-05-29 05:51:00
ORD-2026-00249,CUST-5043,NR-STORE-105,Calgary,AB,PRD-1002,1,450.0,450.0,2026-03-14 15:27:00
ORD-2026-00250,CUST-5142,NR-STORE-102,Medicine Hat,AB,PRD-1001,1,299.99,299.99,2026-04-23 20:38:00
ORD-2026-00251,CUST-5085,NR-STORE-107,Edmonton,AB,PRD-1004,1,189.99,189.99,2026-02-01 11:04:00
ORD-2026-00252,CUST-5167,NR-STORE-105,Edmonton,AB,PRD-1003,3,899.5,2698.5,2026-01-16 02:56:00
ORD-2026-00253,CUST-5027,NR-STORE-103,Lethbridge,AB,PRD-1002,1,450.0,450.0,2026-03-22 08:55:00
ORD-2026-00254,CUST-5197,NR-STORE-103,Lethbridge,AB,PRD-1001,1,299.99,299.99,2026-01-10 08:52:00
ORD-2026-00255,CUST-5041,NR-STORE-106,Red Deer,AB,PRD-1002,3,450.0,1350.0,2026-03-19 01:06:00
ORD-2026-00256,CUST-5198,NR-STORE-106,Lethbridge,AB,PRD-1004,2,189.99,379.98,2026-03-31 00:42:00
ORD-2026-00257,CUST-5079,NR-STORE-105,Edmonton,AB,PRD-1003,2,899.5,1799.0,2026-06-26 06:53:00
ORD-2026-00258,CUST-5041,NR-STORE-107,Medicine Hat,AB,PRD-1003,3,899.5,2698.5,2026-05-28 14:29:00
ORD-2026-00259,CUST-5147,NR-STORE-103,Medicine Hat,AB,PRD-1002,2,450.0,900.0,2026-05-23 16:09:00
ORD-2026-00260,CUST-5024,NR-STORE-101,Medicine Hat,AB,PRD-1001,2,299.99,599.98,2026-06-01 07:16:00
ORD-2026-00261,CUST-5153,NR-STORE-106,Edmonton,AB,PRD-1004,3,189.99,569.97,2026-06-07 05:58:00
ORD-2026-00262,CUST-5124,NR-STORE-102,Medicine Hat,AB,PRD-1002,2,450.0,900.0,2026-02-07 08:13:00
ORD-2026-00263,CUST-5005,NR-STORE-105,Red Deer,AB,PRD-1003,1,899.5,899.5,2026-02-03 03:19:00
ORD-2026-00264,CUST-5171,NR-STORE-104,Edmonton,AB,PRD-1002,1,450.0,450.0,2026-03-12 12:00:00
ORD-2026-00265,CUST-5090,NR-STORE-105,Calgary,AB,PRD-1004,3,189.99,569.97,2026-02-19 04:00:00
ORD-2026-00266,CUST-5024,NR-STORE-105,Calgary,AB,PRD-1001,2,299.99,599.98,2026-04-06 10:59:00
ORD-2026-00267,CUST-5087,NR-STORE-102,Calgary,AB,PRD-1002,1,450.0,450.0,2026-05-01 22:54:00
ORD-2026-00268,CUST-5175,NR-STORE-106,Calgary,AB,PRD-1002,3,450.0,1350.0,2026-06-26 12:47:00
ORD-2026-00269,CUST-5014,NR-STORE-106,Edmonton,AB,PRD-1001,2,299.99,599.98,2026-06-10 03:05:00
ORD-2026-00270,CUST-5001,NR-STORE-107,Medicine Hat,AB,PRD-1001,1,299.99,299.99,2026-06-22 19:17:00
ORD-2026-00271,CUST-5013,NR-STORE-101,Lethbridge,AB,PRD-1004,3,189.99,569.97,2026-05-26 11:01:00
ORD-2026-00272,CUST-5040,NR-STORE-104,Medicine Hat,AB,PRD-1004,2,189.99,379.98,2026-06-03 23:46:00
ORD-2026-00273,CUST-5031,NR-STORE-105,Medicine Hat,AB,PRD-1001,2,299.99,599.98,2026-05-22 16:05:00
ORD-2026-00274,CUST-5050,NR-STORE-104,Calgary,AB,PRD-1002,1,450.0,450.0,2026-02-11 20:34:00
ORD-2026-00275,CUST-5098,NR-STORE-102,Red Deer,AB,PRD-1004,1,189.99,189.99,2026-03-19 02:57:00
ORD-2026-00276,CUST-5194,NR-STORE-106,Red Deer,AB,PRD-1001,1,299.99,299.99,2026-04-30 22:57:00
ORD-2026-00277,CUST-5127,NR-STORE-106,Medicine Hat,AB,PRD-1001,3,299.99,899.97,2026-05-14 02:01:00
ORD-2026-00278,CUST-5020,NR-STORE-105,Lethbridge,AB,PRD-1004,1,189.99,189.99,2026-03-19 12:10:00
ORD-2026-00279,CUST-5034,NR-STORE-105,Calgary,AB,PRD-1002,3,450.0,1350.0,2026-02-01 14:05:00
ORD-2026-00280,CUST-5173,NR-STORE-106,Medicine Hat,AB,PRD-1003,2,899.5,1799.0,2026-06-23 15:03:00
ORD-2026-00281,CUST-5090,NR-STORE-102,Edmonton,AB,PRD-1002,2,450.0,900.0,2026-01-22 08:03:00
ORD-2026-00282,CUST-5158,NR-STORE-103,Edmonton,AB,PRD-1001,2,299.99,599.98,2026-01-31 09:07:00
ORD-2026-00283,CUST-5107,NR-STORE-103,Medicine Hat,AB,PRD-1003,1,899.5,899.5,2026-04-04 05:00:00
ORD-2026-00284,CUST-5096,NR-STORE-106,Edmonton,AB,PRD-1003,1,899.5,899.5,2026-06-20 15:50:00
ORD-2026-00285,CUST-5004,NR-STORE-103,Lethbridge,AB,PRD-1002,3,450.0,1350.0,2026-02-20 12:51:00
ORD-2026-00286,CUST-5002,NR-STORE-102,Calgary,AB,PRD-1001,1,299.99,299.99,2026-04-18 14:37:00
ORD-2026-00287,CUST-5091,NR-STORE-104,Medicine Hat,AB,PRD-1001,1,299.99,299.99,2026-05-18 10:43:00
ORD-2026-00288,CUST-5178,NR-STORE-105,Red Deer,AB,PRD-1001,2,299.99,599.98,2026-04-21 17:44:00
ORD-2026-00289,CUST-5162,NR-STORE-103,Edmonton,AB,PRD-1003,1,899.5,899.5,2026-04-02 17:51:00
ORD-2026-00290,CUST-5188,NR-STORE-101,Medicine Hat,AB,PRD-1003,1,899.5,899.5,2026-01-07 06:51:00
ORD-2026-00291,CUST-5114,NR-STORE-101,Calgary,AB,PRD-1001,1,299.99,299.99,2026-01-21 23:51:00
ORD-2026-00292,CUST-5162,NR-STORE-103,Lethbridge,AB,PRD-1001,2,299.99,599.98,2026-05-15 13:33:00
ORD-2026-00293,CUST-5082,NR-STORE-103,Medicine Hat,AB,PRD-1001,1,299.99,299.99,2026-04-25 19:43:00
ORD-2026-00294,CUST-5009,NR-STORE-102,Calgary,AB,PRD-1003,2,899.5,1799.0,2026-04-21 22:05:00
ORD-2026-00295,CUST-5057,NR-STORE-101,Lethbridge,AB,PRD-1004,1,189.99,189.99,2026-02-02 03:22:00
ORD-2026-00296,CUST-5060,NR-STORE-105,Calgary,AB,PRD-1001,1,299.99,299.99,2026-02-02 15:07:00
ORD-2026-00297,CUST-5082,NR-STORE-106,Red Deer,AB,PRD-1002,1,450.0,450.0,2026-06-25 08:14:00
ORD-2026-00298,CUST-5071,NR-STORE-105,Calgary,AB,PRD-1004,1,189.99,189.99,2026-03-02 15:35:00
ORD-2026-00299,CUST-5134,NR-STORE-106,Medicine Hat,AB,PRD-1001,1,299.99,299.99,2026-01-17 08:42:00
ORD-2026-00300,CUST-5024,NR-STORE-104,Calgary,AB,PRD-1003,1,899.5,899.5,2026-01-30 05:53:00
ORD-2026-00301,CUST-5151,NR-STORE-106,Lethbridge,AB,PRD-1001,2,299.99,599.98,2026-04-26 14:04:00
ORD-2026-00302,CUST-5135,NR-STORE-104,Medicine Hat,AB,PRD-1001,1,299.99,299.99,2026-04-30 11:36:00
ORD-2026-00303,CUST-5031,NR-STORE-103,Lethbridge,AB,PRD-1002,1,450.0,450.0,2026-03-18 08:44:00
ORD-2026-00304,CUST-5064,NR-STORE-105,Medicine Hat,AB,PRD-1004,2,189.99,379.98,2026-06-14 03:33:00
ORD-2026-00305,CUST-5002,NR-STORE-104,Calgary,AB,PRD-1003,1,899.5,899.5,2026-05-19 00:02:00
ORD-2026-00306,CUST-5027,NR-STORE-106,Calgary,AB,PRD-1001,2,299.99,599.98,2026-02-27 16:40:00
ORD-2026-00307,CUST-5113,NR-STORE-103,Lethbridge,AB,PRD-1001,1,299.99,299.99,2026-03-05 07:17:00
ORD-2026-00308,CUST-5058,NR-STORE-106,Edmonton,AB,PRD-1004,1,189.99,189.99,2026-06-29 17:50:00
ORD-2026-00309,CUST-5117,NR-STORE-105,Medicine Hat,AB,PRD-1002,2,450.0,900.0,2026-04-29 05:05:00
ORD-2026-00310,CUST-5052,NR-STORE-101,Red Deer,AB,PRD-1002,3,450.0,1350.0,2026-06-14 19:47:00
ORD-2026-00311,CUST-5154,NR-STORE-103,Lethbridge,AB,PRD-1001,2,299.99,599.98,2026-06-06 04:49:00
ORD-2026-00312,CUST-5138,NR-STORE-102,Medicine Hat,AB,PRD-1001,2,299.99,599.98,2026-02-17 11:28:00
ORD-2026-00313,CUST-5075,NR-STORE-107,Edmonton,AB,PRD-1001,2,299.99,599.98,2026-05-18 23:46:00
ORD-2026-00314,CUST-5117,NR-STORE-107,Edmonton,AB,PRD-1002,1,450.0,450.0,2026-02-26 13:31:00
ORD-2026-00315,CUST-5189,NR-STORE-106,Edmonton,AB,PRD-1001,1,299.99,299.99,2026-03-09 19:07:00
ORD-2026-00316,CUST-5062,NR-STORE-105,Medicine Hat,AB,PRD-1004,1,189.99,189.99,2026-04-27 22:45:00
ORD-2026-00317,CUST-5065,NR-STORE-106,Lethbridge,AB,PRD-1002,1,450.0,450.0,2026-05-28 15:30:00
ORD-2026-00318,CUST-5008,NR-STORE-106,Medicine Hat,AB,PRD-1002,2,450.0,900.0,2026-03-28 18:30:00
ORD-2026-00319,CUST-5005,NR-STORE-101,Lethbridge,AB,PRD-1001,2,299.99,599.98,2026-05-24 09:41:00
ORD-2026-00320,CUST-5174,NR-STORE-104,Lethbridge,AB,PRD-1002,1,450.0,450.0,2026-02-02 13:01:00
ORD-2026-00321,CUST-5134,NR-STORE-104,Medicine Hat,AB,PRD-1003,1,899.5,899.5,2026-03-20 10:28:00
ORD-2026-00322,CUST-5170,NR-STORE-106,Edmonton,AB,PRD-1001,1,299.99,299.99,2026-01-01 02:48:00
ORD-2026-00323,CUST-5140,NR-STORE-105,Lethbridge,AB,PRD-1004,1,189.99,189.99,2026-01-15 07:25:00
ORD-2026-00324,CUST-5193,NR-STORE-105,Edmonton,AB,PRD-1001,1,299.99,299.99,2026-01-18 21:59:00
ORD-2026-00325,CUST-5122,NR-STORE-101,Red Deer,AB,PRD-1001,1,299.99,299.99,2026-01-14 12:42:00
ORD-2026-00326,CUST-5008,NR-STORE-107,Medicine Hat,AB,PRD-1001,1,299.99,299.99,2026-06-24 17:35:00
ORD-2026-00327,CUST-5097,NR-STORE-103,Edmonton,AB,PRD-1001,2,299.99,599.98,2026-05-18 15:38:00
ORD-2026-00328,CUST-5167,NR-STORE-107,Red Deer,AB,PRD-1002,2,450.0,900.0,2026-06-05 22:31:00
ORD-2026-00329,CUST-5003,NR-STORE-104,Lethbridge,AB,PRD-1003,1,899.5,899.5,2026-06-03 21:06:00
ORD-2026-00330,CUST-5123,NR-STORE-106,Red Deer,AB,PRD-1004,1,189.99,189.99,2026-03-22 20:34:00
ORD-2026-00331,CUST-5027,NR-STORE-107,Edmonton,AB,PRD-1001,3,299.99,899.97,2026-04-11 16:48:00
ORD-2026-00332,CUST-5145,NR-STORE-107,Lethbridge,AB,PRD-1004,2,189.99,379.98,2026-02-21 02:57:00
ORD-2026-00333,CUST-5179,NR-STORE-102,Medicine Hat,AB,PRD-1002,3,450.0,1350.0,2026-03-16 17:46:00
ORD-2026-00334,CUST-5024,NR-STORE-102,Red Deer,AB,PRD-1003,3,899.5,2698.5,2026-05-18 23:10:00
ORD-2026-00335,CUST-5150,NR-STORE-102,Edmonton,AB,PRD-1003,2,899.5,1799.0,2026-01-30 07:54:00
ORD-2026-00336,CUST-5012,NR-STORE-107,Edmonton,AB,PRD-1001,2,299.99,599.98,2026-02-16 04:29:00
ORD-2026-00337,CUST-5102,NR-STORE-101,Lethbridge,AB,PRD-1004,1,189.99,189.99,2026-06-27 19:14:00
ORD-2026-00338,CUST-5097,NR-STORE-107,Red Deer,AB,PRD-1004,3,189.99,569.97,2026-05-05 11:38:00
ORD-2026-00339,CUST-5197,NR-STORE-106,Calgary,AB,PRD-1002,2,450.0,900.0,2026-05-26 02:14:00
ORD-2026-00340,CUST-5016,NR-STORE-102,Lethbridge,AB,PRD-1002,3,450.0,1350.0,2026-04-28 18:29:00
ORD-2026-00341,CUST-5003,NR-STORE-105,Medicine Hat,AB,PRD-1001,2,299.99,599.98,2026-05-05 22:27:00
ORD-2026-00342,CUST-5019,NR-STORE-104,Red Deer,AB,PRD-1004,2,189.99,379.98,2026-05-25 08:31:00
ORD-2026-00343,CUST-5122,NR-STORE-101,Lethbridge,AB,PRD-1004,2,189.99,379.98,2026-01-27 04:45:00
ORD-2026-00344,CUST-5153,NR-STORE-104,Medicine Hat,AB,PRD-1001,3,299.99,899.97,2026-01-17 13:04:00
ORD-2026-00345,CUST-5194,NR-STORE-103,Calgary,AB,PRD-1004,2,189.99,379.98,2026-06-02 11:26:00
ORD-2026-00346,CUST-5020,NR-STORE-106,Medicine Hat,AB,PRD-1002,3,450.0,1350.0,2026-06-07 00:27:00
ORD-2026-00347,CUST-5043,NR-STORE-101,Calgary,AB,PRD-1001,2,299.99,599.98,2026-03-12 18:42:00
ORD-2026-00348,CUST-5174,NR-STORE-107,Lethbridge,AB,PRD-1003,3,899.5,2698.5,2026-02-16 12:43:00
ORD-2026-00349,CUST-5152,NR-STORE-106,Calgary,AB,PRD-1002,1,450.0,450.0,2026-03-08 23:54:00
ORD-2026-00350,CUST-5124,NR-STORE-107,Medicine Hat,AB,PRD-1001,1,299.99,299.99,2026-04-21 05:35:00
ORD-2026-00351,CUST-5067,NR-STORE-105,Medicine Hat,AB,PRD-1002,1,450.0,450.0,2026-03-16 04:48:00
ORD-2026-00352,CUST-5147,NR-STORE-101,Edmonton,AB,PRD-1001,1,299.99,299.99,2026-05-12 14:11:00
ORD-2026-00353,CUST-5028,NR-STORE-102,Lethbridge,AB,PRD-1004,1,189.99,189.99,2026-04-29 00:10:00
ORD-2026-00354,CUST-5198,NR-STORE-102,Medicine Hat,AB,PRD-1002,2,450.0,900.0,2026-02-01 17:32:00
ORD-2026-00355,CUST-5027,NR-STORE-107,Medicine Hat,AB,PRD-1003,2,899.5,1799.0,2026-04-08 18:56:00
ORD-2026-00356,CUST-5178,NR-STORE-101,Medicine Hat,AB,PRD-1004,2,189.99,379.98,2026-02-04 18:28:00
ORD-2026-00357,CUST-5142,NR-STORE-102,Medicine Hat,AB,PRD-1002,3,450.0,1350.0,2026-02-09 14:24:00
ORD-2026-00358,CUST-5122,NR-STORE-102,Red Deer,AB,PRD-1004,1,189.99,189.99,2026-04-20 01:21:00
ORD-2026-00359,CUST-5166,NR-STORE-102,Edmonton,AB,PRD-1001,1,299.99,299.99,2026-04-09 22:48:00
ORD-2026-00360,CUST-5078,NR-STORE-101,Medicine Hat,AB,PRD-1002,1,450.0,450.0,2026-01-10 15:28:00
ORD-2026-00361,CUST-5053,NR-STORE-102,Edmonton,AB,PRD-1002,1,450.0,450.0,2026-03-24 21:50:00
ORD-2026-00362,CUST-5007,NR-STORE-102,Medicine Hat,AB,PRD-1004,2,189.99,379.98,2026-01-31 04:25:00
ORD-2026-00363,CUST-5077,NR-STORE-105,Red Deer,AB,PRD-1002,3,450.0,1350.0,2026-01-01 16:58:00
ORD-2026-00364,CUST-5164,NR-STORE-104,Lethbridge,AB,PRD-1003,2,899.5,1799.0,2026-06-06 02:45:00
ORD-2026-00365,CUST-5101,NR-STORE-104,Medicine Hat,AB,PRD-1001,1,299.99,299.99,2026-04-27 10:23:00
ORD-2026-00366,CUST-5127,NR-STORE-102,Lethbridge,AB,PRD-1003,3,899.5,2698.5,2026-02-27 20:50:00
ORD-2026-00367,CUST-5161,NR-STORE-103,Edmonton,AB,PRD-1004,3,189.99,569.97,2026-01-02 23:32:00
ORD-2026-00368,CUST-5139,NR-STORE-106,Edmonton,AB,PRD-1003,3,899.5,2698.5,2026-06-13 15:15:00
ORD-2026-00369,CUST-5069,NR-STORE-102,Edmonton,AB,PRD-1003,3,899.5,2698.5,2026-05-21 01:57:00
ORD-2026-00370,CUST-5182,NR-STORE-103,Medicine Hat,AB,PRD-1003,2,899.5,1799.0,2026-03-19 15:46:00
ORD-2026-00371,CUST-5003,NR-STORE-102,Edmonton,AB,PRD-1003,2,899.5,1799.0,2026-05-06 15:09:00
ORD-2026-00372,CUST-5158,NR-STORE-103,Red Deer,AB,PRD-1002,2,450.0,900.0,2026-02-24 18:43:00
ORD-2026-00373,CUST-5108,NR-STORE-105,Medicine Hat,AB,PRD-1001,2,299.99,599.98,2026-01-27 23:38:00
ORD-2026-00374,CUST-5047,NR-STORE-104,Calgary,AB,PRD-1001,3,299.99,899.97,2026-01-12 16:07:00
ORD-2026-00375,CUST-5107,NR-STORE-105,Edmonton,AB,PRD-1003,1,899.5,899.5,2026-05-23 20:44:00
ORD-2026-00376,CUST-5038,NR-STORE-102,Edmonton,AB,PRD-1003,1,899.5,899.5,2026-03-21 00:56:00
ORD-2026-00377,CUST-5010,NR-STORE-103,Lethbridge,AB,PRD-1003,1,899.5,899.5,2026-03-20 21:32:00
ORD-2026-00378,CUST-5000,NR-STORE-101,Calgary,AB,PRD-1001,2,299.99,599.98,2026-02-13 05:45:00
ORD-2026-00379,CUST-5170,NR-STORE-104,Edmonton,AB,PRD-1004,3,189.99,569.97,2026-06-23 14:53:00
ORD-2026-00380,CUST-5137,NR-STORE-106,Lethbridge,AB,PRD-1002,3,450.0,1350.0,2026-06-19 17:01:00
ORD-2026-00381,CUST-5134,NR-STORE-104,Medicine Hat,AB,PRD-1001,1,299.99,299.99,2026-05-03 02:20:00
ORD-2026-00382,CUST-5128,NR-STORE-103,Medicine Hat,AB,PRD-1004,3,189.99,569.97,2026-02-27 11:05:00
ORD-2026-00383,CUST-5016,NR-STORE-101,Edmonton,AB,PRD-1003,1,899.5,899.5,2026-04-25 21:49:00
ORD-2026-00384,CUST-5023,NR-STORE-106,Edmonton,AB,PRD-1002,3,450.0,1350.0,2026-04-21 07:02:00
ORD-2026-00385,CUST-5024,NR-STORE-104,Edmonton,AB,PRD-1004,1,189.99,189.99,2026-02-01 19:17:00
ORD-2026-00386,CUST-5177,NR-STORE-107,Calgary,AB,PRD-1004,2,189.99,379.98,2026-06-11 02:17:00
ORD-2026-00387,CUST-5095,NR-STORE-102,Medicine Hat,AB,PRD-1001,3,299.99,899.97,2026-04-16 11:17:00
ORD-2026-00388,CUST-5197,NR-STORE-103,Edmonton,AB,PRD-1002,2,450.0,900.0,2026-06-05 06:46:00
ORD-2026-00389,CUST-5137,NR-STORE-105,Edmonton,AB,PRD-1004,1,189.99,189.99,2026-01-18 06:50:00
ORD-2026-00390,CUST-5064,NR-STORE-107,Red Deer,AB,PRD-1001,2,299.99,599.98,2026-03-09 17:19:00
ORD-2026-00391,CUST-5081,NR-STORE-105,Medicine Hat,AB,PRD-1001,3,299.99,899.97,2026-05-04 14:52:00
ORD-2026-00392,CUST-5175,NR-STORE-107,Lethbridge,AB,PRD-1003,2,899.5,1799.0,2026-04-07 14:37:00
ORD-2026-00393,CUST-5199,NR-STORE-107,Lethbridge,AB,PRD-1002,3,450.0,1350.0,2026-03-19 15:08:00
ORD-2026-00394,CUST-5134,NR-STORE-104,Edmonton,AB,PRD-1003,2,899.5,1799.0,2026-02-10 11:40:00
ORD-2026-00395,CUST-5180,NR-STORE-101,Edmonton,AB,PRD-1001,1,299.99,299.99,2026-02-06 10:59:00
ORD-2026-00396,CUST-5130,NR-STORE-102,Lethbridge,AB,PRD-1001,2,299.99,599.98,2026-04-13 22:17:00
ORD-2026-00397,CUST-5010,NR-STORE-104,Medicine Hat,AB,PRD-1001,3,299.99,899.97,2026-05-03 14:50:00
ORD-2026-00398,CUST-5158,NR-STORE-105,Lethbridge,AB,PRD-1002,1,450.0,450.0,2026-02-21 16:59:00
ORD-2026-00399,CUST-5165,NR-STORE-106,Calgary,AB,PRD-1003,1,899.5,899.5,2026-03-13 21:13:00
ORD-2026-00400,CUST-5168,NR-STORE-102,Medicine Hat,AB,PRD-1004,3,189.99,569.97,2026-05-23 03:43:00
ORD-2026-00401,CUST-5169,NR-STORE-106,Lethbridge,AB,PRD-1001,3,299.99,899.97,2026-01-06 00:41:00
ORD-2026-00402,CUST-5174,NR-STORE-106,Calgary,AB,PRD-1001,1,299.99,299.99,2026-04-04 21:47:00
ORD-2026-00403,CUST-5152,NR-STORE-103,Red Deer,AB,PRD-1003,1,899.5,899.5,2026-04-17 05:30:00
ORD-2026-00404,CUST-5038,NR-STORE-102,Edmonton,AB,PRD-1002,1,450.0,450.0,2026-05-03 20:13:00
ORD-2026-00405,CUST-5085,NR-STORE-107,Medicine Hat,AB,PRD-1004,2,189.99,379.98,2026-04-21 21:25:00
ORD-2026-00406,CUST-5107,NR-STORE-104,Lethbridge,AB,PRD-1002,3,450.0,1350.0,2026-04-01 17:51:00
ORD-2026-00407,CUST-5177,NR-STORE-105,Medicine Hat,AB,PRD-1004,3,189.99,569.97,2026-03-14 06:52:00
ORD-2026-00408,CUST-5140,NR-STORE-105,Calgary,AB,PRD-1004,1,189.99,189.99,2026-05-15 05:58:00
ORD-2026-00409,CUST-5116,NR-STORE-104,Edmonton,AB,PRD-1003,3,899.5,2698.5,2026-03-14 04:12:00
ORD-2026-00410,CUST-5028,NR-STORE-107,Lethbridge,AB,PRD-1002,3,450.0,1350.0,2026-05-17 22:48:00
ORD-2026-00411,CUST-5017,NR-STORE-102,Lethbridge,AB,PRD-1001,3,299.99,899.97,2026-02-10 23:29:00
ORD-2026-00412,CUST-5174,NR-STORE-105,Medicine Hat,AB,PRD-1001,3,299.99,899.97,2026-01-28 16:12:00
ORD-2026-00413,CUST-5114,NR-STORE-101,Medicine Hat,AB,PRD-1001,3,299.99,899.97,2026-06-04 14:53:00
ORD-2026-00414,CUST-5072,NR-STORE-107,Calgary,AB,PRD-1002,3,450.0,1350.0,2026-04-29 02:01:00
ORD-2026-00415,CUST-5075,NR-STORE-106,Calgary,AB,PRD-1001,2,299.99,599.98,2026-06-15 15:02:00
ORD-2026-00416,CUST-5153,NR-STORE-107,Red Deer,AB,PRD-1001,3,299.99,899.97,2026-05-20 22:35:00
ORD-2026-00417,CUST-5058,NR-STORE-107,Calgary,AB,PRD-1003,2,899.5,1799.0,2026-03-02 06:08:00
ORD-2026-00418,CUST-5139,NR-STORE-105,Edmonton,AB,PRD-1002,1,450.0,450.0,2026-06-28 07:44:00
ORD-2026-00419,CUST-5024,NR-STORE-101,Edmonton,AB,PRD-1002,1,450.0,450.0,2026-02-23 08:38:00
ORD-2026-00420,CUST-5084,NR-STORE-103,Medicine Hat,AB,PRD-1004,1,189.99,189.99,2026-03-10 07:09:00
ORD-2026-00421,CUST-5124,NR-STORE-105,Lethbridge,AB,PRD-1001,2,299.99,599.98,2026-01-08 10:29:00
ORD-2026-00422,CUST-5061,NR-STORE-104,Edmonton,AB,PRD-1002,3,450.0,1350.0,2026-02-16 09:06:00
ORD-2026-00423,CUST-5063,NR-STORE-102,Lethbridge,AB,PRD-1002,1,450.0,450.0,2026-03-12 00:01:00
ORD-2026-00424,CUST-5030,NR-STORE-103,Red Deer,AB,PRD-1003,2,899.5,1799.0,2026-01-02 16:15:00
ORD-2026-00425,CUST-5011,NR-STORE-106,Medicine Hat,AB,PRD-1004,3,189.99,569.97,2026-05-31 14:44:00
ORD-2026-00426,CUST-5117,NR-STORE-104,Edmonton,AB,PRD-1001,2,299.99,599.98,2026-03-13 23:16:00
ORD-2026-00427,CUST-5007,NR-STORE-105,Red Deer,AB,PRD-1001,3,299.99,899.97,2026-01-27 11:36:00
ORD-2026-00428,CUST-5162,NR-STORE-103,Red Deer,AB,PRD-1004,3,189.99,569.97,2026-02-21 15:41:00
ORD-2026-00429,CUST-5107,NR-STORE-106,Edmonton,AB,PRD-1001,2,299.99,599.98,2026-06-18 04:45:00
ORD-2026-00430,CUST-5023,NR-STORE-107,Edmonton,AB,PRD-1002,1,450.0,450.0,2026-05-24 02:00:00
ORD-2026-00431,CUST-5085,NR-STORE-103,Red Deer,AB,PRD-1004,1,189.99,189.99,2026-03-06 00:14:00
ORD-2026-00432,CUST-5084,NR-STORE-105,Lethbridge,AB,PRD-1003,3,899.5,2698.5,2026-05-01 08:08:00
ORD-2026-00433,CUST-5049,NR-STORE-106,Lethbridge,AB,PRD-1004,3,189.99,569.97,2026-05-19 20:56:00
ORD-2026-00434,CUST-5058,NR-STORE-102,Medicine Hat,AB,PRD-1002,3,450.0,1350.0,2026-05-03 03:06:00
ORD-2026-00435,CUST-5142,NR-STORE-107,Edmonton,AB,PRD-1001,1,299.99,299.99,2026-02-19 01:27:00
ORD-2026-00436,CUST-5075,NR-STORE-104,Lethbridge,AB,PRD-1002,2,450.0,900.0,2026-04-22 03:56:00
ORD-2026-00437,CUST-5028,NR-STORE-104,Red Deer,AB,PRD-1002,1,450.0,450.0,2026-04-07 00:35:00
ORD-2026-00438,CUST-5038,NR-STORE-105,Medicine Hat,AB,PRD-1004,3,189.99,569.97,2026-01-13 19:11:00
ORD-2026-00439,CUST-5150,NR-STORE-103,Edmonton,AB,PRD-1002,3,450.0,1350.0,2026-06-20 20:24:00
ORD-2026-00440,CUST-5072,NR-STORE-107,Lethbridge,AB,PRD-1004,3,189.99,569.97,2026-04-14 05:09:00
ORD-2026-00441,CUST-5051,NR-STORE-106,Calgary,AB,PRD-1002,3,450.0,1350.0,2026-05-25 02:22:00
ORD-2026-00442,CUST-5142,NR-STORE-105,Red Deer,AB,PRD-1001,1,299.99,299.99,2026-05-20 01:51:00
ORD-2026-00443,CUST-5165,NR-STORE-101,Lethbridge,AB,PRD-1003,3,899.5,2698.5,2026-03-08 06:26:00
ORD-2026-00444,CUST-5167,NR-STORE-103,Edmonton,AB,PRD-1003,1,899.5,899.5,2026-04-27 15:22:00
ORD-2026-00445,CUST-5114,NR-STORE-102,Edmonton,AB,PRD-1003,3,899.5,2698.5,2026-06-29 21:47:00
ORD-2026-00446,CUST-5053,NR-STORE-102,Calgary,AB,PRD-1002,1,450.0,450.0,2026-03-20 08:30:00
ORD-2026-00447,CUST-5100,NR-STORE-105,Lethbridge,AB,PRD-1003,2,899.5,1799.0,2026-06-08 13:26:00
ORD-2026-00448,CUST-5016,NR-STORE-101,Edmonton,AB,PRD-1003,3,899.5,2698.5,2026-01-26 00:32:00
ORD-2026-00449,CUST-5191,NR-STORE-105,Calgary,AB,PRD-1001,3,299.99,899.97,2026-05-21 13:09:00
ORD-2026-00450,CUST-5181,NR-STORE-105,Calgary,AB,PRD-1001,2,299.99,599.98,2026-02-11 11:22:00
ORD-2026-00451,CUST-5061,NR-STORE-107,Edmonton,AB,PRD-1002,3,450.0,1350.0,2026-03-10 15:01:00
ORD-2026-00452,CUST-5078,NR-STORE-107,Medicine Hat,AB,PRD-1004,2,189.99,379.98,2026-04-18 16:43:00
ORD-2026-00453,CUST-5079,NR-STORE-104,Medicine Hat,AB,PRD-1001,1,299.99,299.99,2026-02-12 04:37:00
ORD-2026-00454,CUST-5045,NR-STORE-102,Calgary,AB,PRD-1002,2,450.0,900.0,2026-03-14 08:09:00
ORD-2026-00455,CUST-5148,NR-STORE-103,Medicine Hat,AB,PRD-1001,1,299.99,299.99,2026-03-27 02:36:00
ORD-2026-00456,CUST-5193,NR-STORE-106,Lethbridge,AB,PRD-1003,1,899.5,899.5,2026-05-31 20:15:00
ORD-2026-00457,CUST-5172,NR-STORE-104,Medicine Hat,AB,PRD-1002,3,450.0,1350.0,2026-01-01 07:06:00
ORD-2026-00458,CUST-5012,NR-STORE-107,Lethbridge,AB,PRD-1004,3,189.99,569.97,2026-06-15 04:02:00
ORD-2026-00459,CUST-5093,NR-STORE-106,Calgary,AB,PRD-1001,2,299.99,599.98,2026-03-17 01:43:00
ORD-2026-00460,CUST-5054,NR-STORE-105,Medicine Hat,AB,PRD-1001,3,299.99,899.97,2026-01-08 11:55:00
ORD-2026-00461,CUST-5127,NR-STORE-101,Medicine Hat,AB,PRD-1004,2,189.99,379.98,2026-03-23 22:03:00
ORD-2026-00462,CUST-5172,NR-STORE-102,Red Deer,AB,PRD-1004,2,189.99,379.98,2026-01-18 23:06:00
ORD-2026-00463,CUST-5120,NR-STORE-105,Medicine Hat,AB,PRD-1001,1,299.99,299.99,2026-03-15 17:30:00
ORD-2026-00464,CUST-5000,NR-STORE-105,Calgary,AB,PRD-1001,1,299.99,299.99,2026-01-09 17:50:00
ORD-2026-00465,CUST-5026,NR-STORE-101,Edmonton,AB,PRD-1001,3,299.99,899.97,2026-02-07 10:02:00
ORD-2026-00466,CUST-5058,NR-STORE-106,Medicine Hat,AB,PRD-1004,1,189.99,189.99,2026-05-25 04:52:00
ORD-2026-00467,CUST-5050,NR-STORE-101,Medicine Hat,AB,PRD-1003,1,899.5,899.5,2026-04-04 15:46:00
ORD-2026-00468,CUST-5167,NR-STORE-107,Edmonton,AB,PRD-1003,1,899.5,899.5,2026-04-05 20:23:00
ORD-2026-00469,CUST-5024,NR-STORE-102,Edmonton,AB,PRD-1002,2,450.0,900.0,2026-03-17 23:09:00
ORD-2026-00470,CUST-5151,NR-STORE-104,Medicine Hat,AB,PRD-1001,2,299.99,599.98,2026-05-17 02:29:00
ORD-2026-00471,CUST-5010,NR-STORE-106,Calgary,AB,PRD-1002,3,450.0,1350.0,2026-04-14 08:25:00
ORD-2026-00472,CUST-5123,NR-STORE-105,Red Deer,AB,PRD-1002,1,450.0,450.0,2026-02-08 11:45:00
ORD-2026-00473,CUST-5130,NR-STORE-105,Medicine Hat,AB,PRD-1001,1,299.99,299.99,2026-02-03 23:00:00
ORD-2026-00474,CUST-5148,NR-STORE-105,Calgary,AB,PRD-1003,2,899.5,1799.0,2026-05-26 06:26:00
ORD-2026-00475,CUST-5106,NR-STORE-106,Edmonton,AB,PRD-1004,2,189.99,379.98,2026-04-06 04:15:00
ORD-2026-00476,CUST-5158,NR-STORE-107,Lethbridge,AB,PRD-1001,1,299.99,299.99,2026-01-27 22:18:00
ORD-2026-00477,CUST-5010,NR-STORE-107,Red Deer,AB,PRD-1002,1,450.0,450.0,2026-02-14 04:48:00
ORD-2026-00478,CUST-5095,NR-STORE-101,Lethbridge,AB,PRD-1001,3,299.99,899.97,2026-02-14 15:43:00
ORD-2026-00479,CUST-5014,NR-STORE-106,Lethbridge,AB,PRD-1002,1,450.0,450.0,2026-02-15 02:09:00
ORD-2026-00480,CUST-5182,NR-STORE-104,Calgary,AB,PRD-1004,1,189.99,189.99,2026-03-22 19:06:00
ORD-2026-00481,CUST-5018,NR-STORE-102,Calgary,AB,PRD-1002,3,450.0,1350.0,2026-05-24 21:30:00
ORD-2026-00482,CUST-5005,NR-STORE-104,Edmonton,AB,PRD-1003,1,899.5,899.5,2026-02-14 15:29:00
ORD-2026-00483,CUST-5029,NR-STORE-104,Edmonton,AB,PRD-1004,2,189.99,379.98,2026-06-05 07:54:00
ORD-2026-00484,CUST-5145,NR-STORE-101,Lethbridge,AB,PRD-1004,3,189.99,569.97,2026-04-30 01:56:00
ORD-2026-00485,CUST-5111,NR-STORE-104,Red Deer,AB,PRD-1002,1,450.0,450.0,2026-02-16 13:18:00
ORD-2026-00486,CUST-5077,NR-STORE-101,Calgary,AB,PRD-1001,2,299.99,599.98,2026-06-08 19:29:00
ORD-2026-00487,CUST-5027,NR-STORE-104,Edmonton,AB,PRD-1002,3,450.0,1350.0,2026-03-30 19:02:00
ORD-2026-00488,CUST-5156,NR-STORE-103,Calgary,AB,PRD-1001,2,299.99,599.98,2026-01-04 16:51:00
ORD-2026-00489,CUST-5042,NR-STORE-101,Lethbridge,AB,PRD-1001,2,299.99,599.98,2026-03-17 00:56:00
ORD-2026-00490,CUST-5133,NR-STORE-104,Edmonton,AB,PRD-1003,2,899.5,1799.0,2026-01-23 19:40:00
ORD-2026-00491,CUST-5082,NR-STORE-101,Red Deer,AB,PRD-1004,1,189.99,189.99,2026-02-09 19:25:00
ORD-2026-00492,CUST-5161,NR-STORE-106,Lethbridge,AB,PRD-1001,1,299.99,299.99,2026-01-30 11:12:00
ORD-2026-00493,CUST-5050,NR-STORE-106,Calgary,AB,PRD-1003,2,899.5,1799.0,2026-04-12 04:22:00
ORD-2026-00494,CUST-5171,NR-STORE-107,Calgary,AB,PRD-1002,3,450.0,1350.0,2026-05-11 17:08:00
ORD-2026-00495,CUST-5127,NR-STORE-104,Medicine Hat,AB,PRD-1001,1,299.99,299.99,2026-05-26 02:09:00
ORD-2026-00496,CUST-5031,NR-STORE-105,Calgary,AB,PRD-1004,1,189.99,189.99,2026-05-27 01:09:00
ORD-2026-00497,CUST-5068,NR-STORE-105,Red Deer,AB,PRD-1001,1,299.99,299.99,2026-05-31 09:34:00
ORD-2026-00498,CUST-5135,NR-STORE-106,Calgary,AB,PRD-1002,1,450.0,450.0,2026-04-22 12:59:00
ORD-2026-00499,CUST-5025,NR-STORE-104,Edmonton,AB,PRD-1001,2,299.99,599.98,2026-04-17 16:30:00
ORD-2026-00500,CUST-5036,NR-STORE-104,Edmonton,AB,PRD-1001,2,299.99,599.98,2026-05-19 17:43:00
ORD-2026-00501,CUST-5087,NR-STORE-106,Edmonton,AB,PRD-1004,3,189.99,569.97,2026-05-06 16:39:00
ORD-2026-00502,CUST-5065,NR-STORE-102,Edmonton,AB,PRD-1004,2,189.99,379.98,2026-04-23 08:58:00
ORD-2026-00503,CUST-5076,NR-STORE-107,Medicine Hat,AB,PRD-1002,3,450.0,1350.0,2026-04-27 22:14:00
ORD-2026-00504,CUST-5105,NR-STORE-103,Medicine Hat,AB,PRD-1003,2,899.5,1799.0,2026-05-28 18:34:00
ORD-2026-00505,CUST-5053,NR-STORE-107,Medicine Hat,AB,PRD-1002,1,450.0,450.0,2026-02-01 14:30:00
ORD-2026-00506,CUST-5200,NR-STORE-107,Lethbridge,AB,PRD-1002,3,450.0,1350.0,2026-03-09 22:09:00
ORD-2026-00507,CUST-5186,NR-STORE-106,Medicine Hat,AB,PRD-1001,1,299.99,299.99,2026-02-05 16:45:00
ORD-2026-00508,CUST-5068,NR-STORE-102,Medicine Hat,AB,PRD-1004,3,189.99,569.97,2026-06-18 06:01:00
ORD-2026-00509,CUST-5007,NR-STORE-106,Edmonton,AB,PRD-1001,2,299.99,599.98,2026-03-16 19:12:00
ORD-2026-00510,CUST-5178,NR-STORE-104,Lethbridge,AB,PRD-1004,1,189.99,189.99,2026-02-02 01:07:00
ORD-2026-00511,CUST-5023,NR-STORE-101,Medicine Hat,AB,PRD-1003,2,899.5,1799.0,2026-06-09 16:39:00
ORD-2026-00512,CUST-5009,NR-STORE-105,Medicine Hat,AB,PRD-1001,1,299.99,299.99,2026-04-28 18:33:00
ORD-2026-00513,CUST-5195,NR-STORE-106,Lethbridge,AB,PRD-1001,3,299.99,899.97,2026-03-15 07:18:00
ORD-2026-00514,CUST-5125,NR-STORE-105,Medicine Hat,AB,PRD-1001,3,299.99,899.97,2026-02-04 11:58:00
ORD-2026-00515,CUST-5161,NR-STORE-105,Edmonton,AB,PRD-1003,1,899.5,899.5,2026-02-22 16:31:00
ORD-2026-00516,CUST-5043,NR-STORE-103,Lethbridge,AB,PRD-1004,3,189.99,569.97,2026-06-27 17:20:00
ORD-2026-00517,CUST-5157,NR-STORE-103,Edmonton,AB,PRD-1001,3,299.99,899.97,2026-04-20 19:06:00
ORD-2026-00518,CUST-5041,NR-STORE-106,Calgary,AB,PRD-1001,3,299.99,899.97,2026-05-01 08:25:00
ORD-2026-00519,CUST-5006,NR-STORE-102,Red Deer,AB,PRD-1001,2,299.99,599.98,2026-04-23 09:38:00
ORD-2026-00520,CUST-5053,NR-STORE-105,Calgary,AB,PRD-1002,1,450.0,450.0,2026-06-07 09:45:00
ORD-2026-00521,CUST-5009,NR-STORE-105,Lethbridge,AB,PRD-1003,2,899.5,1799.0,2026-04-12 23:57:00
ORD-2026-00522,CUST-5148,NR-STORE-101,Lethbridge,AB,PRD-1001,2,299.99,599.98,2026-06-08 17:39:00
ORD-2026-00523,CUST-5007,NR-STORE-103,Calgary,AB,PRD-1002,1,450.0,450.0,2026-03-30 02:05:00
ORD-2026-00524,CUST-5010,NR-STORE-101,Red Deer,AB,PRD-1004,1,189.99,189.99,2026-04-21 13:33:00
ORD-2026-00525,CUST-5142,NR-STORE-104,Medicine Hat,AB,PRD-1002,1,450.0,450.0,2026-02-24 05:16:00
ORD-2026-00526,CUST-5006,NR-STORE-107,Red Deer,AB,PRD-1003,1,899.5,899.5,2026-01-23 19:44:00
ORD-2026-00527,CUST-5059,NR-STORE-106,Lethbridge,AB,PRD-1004,2,189.99,379.98,2026-04-26 01:14:00
ORD-2026-00528,CUST-5015,NR-STORE-104,Calgary,AB,PRD-1001,1,299.99,299.99,2026-04-08 04:32:00
ORD-2026-00529,CUST-5156,NR-STORE-102,Lethbridge,AB,PRD-1001,1,299.99,299.99,2026-01-21 19:26:00
ORD-2026-00530,CUST-5156,NR-STORE-104,Edmonton,AB,PRD-1004,3,189.99,569.97,2026-03-18 00:40:00
ORD-2026-00531,CUST-5101,NR-STORE-102,Calgary,AB,PRD-1004,1,189.99,189.99,2026-06-25 16:37:00
ORD-2026-00532,CUST-5152,NR-STORE-107,Lethbridge,AB,PRD-1002,1,450.0,450.0,2026-06-29 11:48:00
ORD-2026-00533,CUST-5064,NR-STORE-107,Calgary,AB,PRD-1002,1,450.0,450.0,2026-05-21 23:12:00
ORD-2026-00534,CUST-5135,NR-STORE-103,Edmonton,AB,PRD-1001,3,299.99,899.97,2026-01-08 01:05:00
ORD-2026-00535,CUST-5147,NR-STORE-101,Edmonton,AB,PRD-1002,2,450.0,900.0,2026-06-16 22:51:00
ORD-2026-00536,CUST-5119,NR-STORE-101,Calgary,AB,PRD-1002,1,450.0,450.0,2026-05-15 13:54:00
ORD-2026-00537,CUST-5010,NR-STORE-104,Calgary,AB,PRD-1004,1,189.99,189.99,2026-06-18 16:24:00
ORD-2026-00538,CUST-5072,NR-STORE-104,Calgary,AB,PRD-1003,1,899.5,899.5,2026-02-21 06:24:00
ORD-2026-00539,CUST-5014,NR-STORE-103,Lethbridge,AB,PRD-1003,1,899.5,899.5,2026-05-06 05:58:00
ORD-2026-00540,CUST-5007,NR-STORE-106,Edmonton,AB,PRD-1001,3,299.99,899.97,2026-06-07 20:50:00
ORD-2026-00541,CUST-5006,NR-STORE-102,Lethbridge,AB,PRD-1004,3,189.99,569.97,2026-04-22 04:39:00
ORD-2026-00542,CUST-5027,NR-STORE-106,Edmonton,AB,PRD-1003,2,899.5,1799.0,2026-05-31 15:19:00
ORD-2026-00543,CUST-5031,NR-STORE-106,Medicine Hat,AB,PRD-1001,2,299.99,599.98,2026-02-02 14:52:00
ORD-2026-00544,CUST-5161,NR-STORE-104,Medicine Hat,AB,PRD-1001,2,299.99,599.98,2026-01-18 04:45:00
ORD-2026-00545,CUST-5023,NR-STORE-103,Lethbridge,AB,PRD-1003,2,899.5,1799.0,2026-03-25 00:15:00
ORD-2026-00546,CUST-5000,NR-STORE-101,Medicine Hat,AB,PRD-1003,1,899.5,899.5,2026-04-01 21:16:00
ORD-2026-00547,CUST-5097,NR-STORE-107,Red Deer,AB,PRD-1001,1,299.99,299.99,2026-01-19 01:22:00
ORD-2026-00548,CUST-5068,NR-STORE-105,Lethbridge,AB,PRD-1004,1,189.99,189.99,2026-04-17 18:59:00
ORD-2026-00549,CUST-5166,NR-STORE-107,Calgary,AB,PRD-1004,3,189.99,569.97,2026-04-05 00:18:00
ORD-2026-00550,CUST-5106,NR-STORE-102,Lethbridge,AB,PRD-1003,3,899.5,2698.5,2026-02-14 03:42:00
ORD-2026-00551,CUST-5143,NR-STORE-103,Lethbridge,AB,PRD-1002,1,450.0,450.0,2026-06-13 04:50:00
ORD-2026-00552,CUST-5200,NR-STORE-105,Calgary,AB,PRD-1001,3,299.99,899.97,2026-06-28 01:48:00
ORD-2026-00553,CUST-5117,NR-STORE-106,Red Deer,AB,PRD-1001,1,299.99,299.99,2026-02-27 20:05:00
ORD-2026-00554,CUST-5157,NR-STORE-101,Edmonton,AB,PRD-1003,3,899.5,2698.5,2026-05-20 00:10:00
ORD-2026-00555,CUST-5087,NR-STORE-105,Medicine Hat,AB,PRD-1004,3,189.99,569.97,2026-05-03 13:44:00
ORD-2026-00556,CUST-5094,NR-STORE-104,Calgary,AB,PRD-1003,1,899.5,899.5,2026-03-08 15:47:00
ORD-2026-00557,CUST-5115,NR-STORE-103,Calgary,AB,PRD-1001,1,299.99,299.99,2026-02-25 19:43:00
ORD-2026-00558,CUST-5037,NR-STORE-105,Calgary,AB,PRD-1004,1,189.99,189.99,2026-05-11 13:46:00
ORD-2026-00559,CUST-5074,NR-STORE-107,Medicine Hat,AB,PRD-1001,1,299.99,299.99,2026-03-10 21:56:00
ORD-2026-00560,CUST-5137,NR-STORE-106,Lethbridge,AB,PRD-1004,1,189.99,189.99,2026-04-03 06:04:00
ORD-2026-00561,CUST-5118,NR-STORE-105,Red Deer,AB,PRD-1004,1,189.99,189.99,2026-01-21 07:00:00
ORD-2026-00562,CUST-5041,NR-STORE-104,Medicine Hat,AB,PRD-1003,3,899.5,2698.5,2026-04-22 08:55:00
ORD-2026-00563,CUST-5164,NR-STORE-106,Edmonton,AB,PRD-1003,2,899.5,1799.0,2026-04-12 23:48:00
ORD-2026-00564,CUST-5032,NR-STORE-107,Edmonton,AB,PRD-1003,2,899.5,1799.0,2026-05-01 19:12:00
ORD-2026-00565,CUST-5129,NR-STORE-106,Lethbridge,AB,PRD-1001,3,299.99,899.97,2026-03-26 14:53:00
ORD-2026-00566,CUST-5069,NR-STORE-106,Medicine Hat,AB,PRD-1002,1,450.0,450.0,2026-04-11 15:22:00
ORD-2026-00567,CUST-5164,NR-STORE-107,Red Deer,AB,PRD-1004,3,189.99,569.97,2026-06-30 12:48:00
ORD-2026-00568,CUST-5010,NR-STORE-106,Red Deer,AB,PRD-1004,2,189.99,379.98,2026-03-02 14:30:00
ORD-2026-00569,CUST-5025,NR-STORE-101,Medicine Hat,AB,PRD-1004,3,189.99,569.97,2026-02-22 12:09:00
ORD-2026-00570,CUST-5158,NR-STORE-107,Calgary,AB,PRD-1002,2,450.0,900.0,2026-03-16 00:27:00
ORD-2026-00571,CUST-5183,NR-STORE-102,Calgary,AB,PRD-1001,1,299.99,299.99,2026-05-09 20:11:00
ORD-2026-00572,CUST-5198,NR-STORE-107,Medicine Hat,AB,PRD-1002,3,450.0,1350.0,2026-05-20 02:16:00
ORD-2026-00573,CUST-5113,NR-STORE-104,Edmonton,AB,PRD-1003,1,899.5,899.5,2026-04-11 13:38:00
ORD-2026-00574,CUST-5035,NR-STORE-104,Red Deer,AB,PRD-1001,3,299.99,899.97,2026-05-20 11:14:00
ORD-2026-00575,CUST-5199,NR-STORE-107,Lethbridge,AB,PRD-1001,1,299.99,299.99,2026-06-14 03:24:00
ORD-2026-00576,CUST-5029,NR-STORE-103,Edmonton,AB,PRD-1003,3,899.5,2698.5,2026-06-07 01:30:00
ORD-2026-00577,CUST-5153,NR-STORE-105,Lethbridge,AB,PRD-1002,3,450.0,1350.0,2026-05-11 05:35:00
ORD-2026-00578,CUST-5021,NR-STORE-102,Edmonton,AB,PRD-1004,1,189.99,189.99,2026-02-27 07:33:00
ORD-2026-00579,CUST-5199,NR-STORE-105,Red Deer,AB,PRD-1001,2,299.99,599.98,2026-03-20 00:28:00
ORD-2026-00580,CUST-5047,NR-STORE-101,Edmonton,AB,PRD-1004,3,189.99,569.97,2026-02-02 18:18:00
ORD-2026-00581,CUST-5081,NR-STORE-104,Medicine Hat,AB,PRD-1002,1,450.0,450.0,2026-02-21 15:45:00
ORD-2026-00582,CUST-5000,NR-STORE-101,Edmonton,AB,PRD-1001,1,299.99,299.99,2026-02-08 13:53:00
ORD-2026-00583,CUST-5012,NR-STORE-104,Medicine Hat,AB,PRD-1003,3,899.5,2698.5,2026-05-19 01:33:00
ORD-2026-00584,CUST-5135,NR-STORE-101,Red Deer,AB,PRD-1004,3,189.99,569.97,2026-01-23 23:13:00
ORD-2026-00585,CUST-5005,NR-STORE-101,Medicine Hat,AB,PRD-1001,2,299.99,599.98,2026-05-04 17:51:00
ORD-2026-00586,CUST-5097,NR-STORE-104,Red Deer,AB,PRD-1003,3,899.5,2698.5,2026-06-26 14:48:00
ORD-2026-00587,CUST-5042,NR-STORE-103,Lethbridge,AB,PRD-1002,2,450.0,900.0,2026-01-20 02:06:00
ORD-2026-00588,CUST-5100,NR-STORE-101,Lethbridge,AB,PRD-1004,3,189.99,569.97,2026-01-05 17:24:00
ORD-2026-00589,CUST-5186,NR-STORE-106,Red Deer,AB,PRD-1003,3,899.5,2698.5,2026-01-31 09:32:00
ORD-2026-00590,CUST-5163,NR-STORE-104,Calgary,AB,PRD-1001,1,299.99,299.99,2026-04-06 02:41:00
ORD-2026-00591,CUST-5075,NR-STORE-104,Edmonton,AB,PRD-1003,1,899.5,899.5,2026-02-15 14:44:00
ORD-2026-00592,CUST-5092,NR-STORE-106,Red Deer,AB,PRD-1002,3,450.0,1350.0,2026-01-15 07:46:00
ORD-2026-00593,CUST-5127,NR-STORE-101,Medicine Hat,AB,PRD-1003,3,899.5,2698.5,2026-04-14 19:39:00
ORD-2026-00594,CUST-5166,NR-STORE-103,Medicine Hat,AB,PRD-1003,1,899.5,899.5,2026-06-26 02:23:00
ORD-2026-00595,CUST-5112,NR-STORE-103,Lethbridge,AB,PRD-1003,2,899.5,1799.0,2026-06-09 02:48:00
ORD-2026-00596,CUST-5109,NR-STORE-106,Calgary,AB,PRD-1002,2,450.0,900.0,2026-04-08 17:22:00
ORD-2026-00597,CUST-5133,NR-STORE-106,Medicine Hat,AB,PRD-1001,2,299.99,599.98,2026-04-16 21:49:00
ORD-2026-00598,CUST-5121,NR-STORE-102,Red Deer,AB,PRD-1004,2,189.99,379.98,2026-04-11 10:33:00
ORD-2026-00599,CUST-5163,NR-STORE-101,Medicine Hat,AB,PRD-1004,3,189.99,569.97,2026-03-02 16:53:00
ORD-2026-00600,CUST-5137,NR-STORE-107,Edmonton,AB,PRD-1001,3,299.99,899.97,2026-06-02 02:33:00
ORD-2026-00601,CUST-5106,NR-STORE-103,Red Deer,AB,PRD-1001,3,299.99,899.97,2026-01-20 13:48:00
ORD-2026-00602,CUST-5088,NR-STORE-104,Red Deer,AB,PRD-1001,2,299.99,599.98,2026-04-16 06:30:00
ORD-2026-00603,CUST-5197,NR-STORE-105,Medicine Hat,AB,PRD-1004,2,189.99,379.98,2026-02-18 02:27:00
ORD-2026-00604,CUST-5193,NR-STORE-104,Red Deer,AB,PRD-1004,3,189.99,569.97,2026-04-22 09:14:00
ORD-2026-00605,CUST-5046,NR-STORE-106,Red Deer,AB,PRD-1002,3,450.0,1350.0,2026-06-05 21:19:00
ORD-2026-00606,CUST-5134,NR-STORE-101,Edmonton,AB,PRD-1003,3,899.5,2698.5,2026-03-08 08:11:00
ORD-2026-00607,CUST-5158,NR-STORE-106,Lethbridge,AB,PRD-1003,1,899.5,899.5,2026-04-09 06:59:00
ORD-2026-00608,CUST-5062,NR-STORE-103,Lethbridge,AB,PRD-1002,1,450.0,450.0,2026-05-24 00:22:00
ORD-2026-00609,CUST-5095,NR-STORE-103,Calgary,AB,PRD-1001,1,299.99,299.99,2026-02-01 03:22:00
ORD-2026-00610,CUST-5198,NR-STORE-107,Edmonton,AB,PRD-1004,2,189.99,379.98,2026-06-23 09:57:00
ORD-2026-00611,CUST-5162,NR-STORE-106,Red Deer,AB,PRD-1004,2,189.99,379.98,2026-01-23 16:25:00
ORD-2026-00612,CUST-5167,NR-STORE-105,Medicine Hat,AB,PRD-1001,2,299.99,599.98,2026-06-08 16:08:00
ORD-2026-00613,CUST-5138,NR-STORE-103,Lethbridge,AB,PRD-1002,3,450.0,1350.0,2026-01-06 04:19:00
ORD-2026-00614,CUST-5145,NR-STORE-106,Red Deer,AB,PRD-1004,3,189.99,569.97,2026-03-14 07:04:00
ORD-2026-00615,CUST-5114,NR-STORE-105,Medicine Hat,AB,PRD-1004,3,189.99,569.97,2026-01-15 02:11:00
ORD-2026-00616,CUST-5160,NR-STORE-104,Lethbridge,AB,PRD-1002,2,450.0,900.0,2026-05-29 14:35:00
ORD-2026-00617,CUST-5138,NR-STORE-106,Calgary,AB,PRD-1001,3,299.99,899.97,2026-05-25 03:11:00
ORD-2026-00618,CUST-5060,NR-STORE-103,Edmonton,AB,PRD-1002,1,450.0,450.0,2026-02-15 07:13:00
ORD-2026-00619,CUST-5005,NR-STORE-103,Edmonton,AB,PRD-1003,3,899.5,2698.5,2026-03-30 20:57:00
ORD-2026-00620,CUST-5118,NR-STORE-101,Red Deer,AB,PRD-1002,2,450.0,900.0,2026-01-06 20:32:00
ORD-2026-00621,CUST-5131,NR-STORE-104,Calgary,AB,PRD-1001,3,299.99,899.97,2026-06-16 05:13:00
ORD-2026-00622,CUST-5022,NR-STORE-105,Red Deer,AB,PRD-1002,3,450.0,1350.0,2026-02-04 18:02:00
ORD-2026-00623,CUST-5172,NR-STORE-104,Lethbridge,AB,PRD-1002,3,450.0,1350.0,2026-02-17 11:13:00
ORD-2026-00624,CUST-5164,NR-STORE-104,Medicine Hat,AB,PRD-1002,3,450.0,1350.0,2026-01-31 22:51:00
ORD-2026-00625,CUST-5161,NR-STORE-103,Red Deer,AB,PRD-1003,2,899.5,1799.0,2026-05-12 18:16:00
ORD-2026-00626,CUST-5099,NR-STORE-102,Lethbridge,AB,PRD-1003,2,899.5,1799.0,2026-01-26 10:47:00
ORD-2026-00627,CUST-5076,NR-STORE-107,Calgary,AB,PRD-1002,1,450.0,450.0,2026-02-06 04:38:00
ORD-2026-00628,CUST-5108,NR-STORE-107,Calgary,AB,PRD-1003,1,899.5,899.5,2026-04-28 10:13:00
ORD-2026-00629,CUST-5184,NR-STORE-107,Calgary,AB,PRD-1001,1,299.99,299.99,2026-05-11 21:07:00
ORD-2026-00630,CUST-5010,NR-STORE-105,Red Deer,AB,PRD-1001,1,299.99,299.99,2026-04-05 16:56:00
ORD-2026-00631,CUST-5125,NR-STORE-104,Calgary,AB,PRD-1003,2,899.5,1799.0,2026-01-08 08:09:00
ORD-2026-00632,CUST-5082,NR-STORE-104,Lethbridge,AB,PRD-1003,1,899.5,899.5,2026-05-21 08:58:00
ORD-2026-00633,CUST-5149,NR-STORE-105,Lethbridge,AB,PRD-1003,1,899.5,899.5,2026-06-09 22:47:00
ORD-2026-00634,CUST-5152,NR-STORE-103,Red Deer,AB,PRD-1002,1,450.0,450.0,2026-04-02 17:30:00
ORD-2026-00635,CUST-5154,NR-STORE-107,Calgary,AB,PRD-1003,3,899.5,2698.5,2026-05-17 21:02:00
ORD-2026-00636,CUST-5000,NR-STORE-104,Calgary,AB,PRD-1004,3,189.99,569.97,2026-05-06 14:36:00
ORD-2026-00637,CUST-5144,NR-STORE-106,Red Deer,AB,PRD-1002,3,450.0,1350.0,2026-02-27 00:48:00
ORD-2026-00638,CUST-5165,NR-STORE-102,Lethbridge,AB,PRD-1003,3,899.5,2698.5,2026-06-09 09:15:00
ORD-2026-00639,CUST-5039,NR-STORE-104,Medicine Hat,AB,PRD-1001,2,299.99,599.98,2026-01-11 22:54:00
ORD-2026-00640,CUST-5081,NR-STORE-105,Medicine Hat,AB,PRD-1003,1,899.5,899.5,2026-01-31 02:48:00
ORD-2026-00641,CUST-5111,NR-STORE-102,Medicine Hat,AB,PRD-1003,2,899.5,1799.0,2026-04-09 13:57:00
ORD-2026-00642,CUST-5027,NR-STORE-107,Calgary,AB,PRD-1002,3,450.0,1350.0,2026-06-17 17:25:00
ORD-2026-00643,CUST-5117,NR-STORE-104,Calgary,AB,PRD-1002,2,450.0,900.0,2026-02-19 01:02:00
ORD-2026-00644,CUST-5066,NR-STORE-101,Edmonton,AB,PRD-1003,3,899.5,2698.5,2026-01-31 04:05:00
ORD-2026-00645,CUST-5107,NR-STORE-107,Medicine Hat,AB,PRD-1002,3,450.0,1350.0,2026-05-11 00:44:00
ORD-2026-00646,CUST-5154,NR-STORE-102,Calgary,AB,PRD-1002,3,450.0,1350.0,2026-01-30 03:01:00
ORD-2026-00647,CUST-5197,NR-STORE-101,Lethbridge,AB,PRD-1004,3,189.99,569.97,2026-03-15 08:53:00
ORD-2026-00648,CUST-5160,NR-STORE-103,Lethbridge,AB,PRD-1001,2,299.99,599.98,2026-02-01 15:22:00
ORD-2026-00649,CUST-5167,NR-STORE-101,Lethbridge,AB,PRD-1002,1,450.0,450.0,2026-05-13 17:09:00
ORD-2026-00650,CUST-5089,NR-STORE-107,Calgary,AB,PRD-1003,3,899.5,2698.5,2026-02-27 04:31:00
ORD-2026-00651,CUST-5120,NR-STORE-105,Edmonton,AB,PRD-1004,2,189.99,379.98,2026-06-28 20:54:00
ORD-2026-00652,CUST-5010,NR-STORE-104,Calgary,AB,PRD-1001,3,299.99,899.97,2026-06-27 08:47:00
ORD-2026-00653,CUST-5167,NR-STORE-103,Edmonton,AB,PRD-1002,2,450.0,900.0,2026-04-05 22:45:00
ORD-2026-00654,CUST-5047,NR-STORE-102,Red Deer,AB,PRD-1004,3,189.99,569.97,2026-03-05 08:27:00
ORD-2026-00655,CUST-5139,NR-STORE-106,Calgary,AB,PRD-1001,3,299.99,899.97,2026-03-07 19:15:00
ORD-2026-00656,CUST-5037,NR-STORE-106,Lethbridge,AB,PRD-1003,2,899.5,1799.0,2026-01-05 00:30:00
ORD-2026-00657,CUST-5069,NR-STORE-107,Medicine Hat,AB,PRD-1004,2,189.99,379.98,2026-04-02 21:56:00
ORD-2026-00658,CUST-5116,NR-STORE-103,Calgary,AB,PRD-1002,2,450.0,900.0,2026-06-13 11:03:00
ORD-2026-00659,CUST-5047,NR-STORE-106,Medicine Hat,AB,PRD-1004,2,189.99,379.98,2026-06-14 03:30:00
ORD-2026-00660,CUST-5025,NR-STORE-104,Calgary,AB,PRD-1002,3,450.0,1350.0,2026-02-14 01:19:00
ORD-2026-00661,CUST-5079,NR-STORE-104,Calgary,AB,PRD-1001,3,299.99,899.97,2026-04-02 18:10:00
ORD-2026-00662,CUST-5200,NR-STORE-107,Medicine Hat,AB,PRD-1001,2,299.99,599.98,2026-04-21 13:44:00
ORD-2026-00663,CUST-5109,NR-STORE-103,Red Deer,AB,PRD-1004,2,189.99,379.98,2026-01-17 01:22:00
ORD-2026-00664,CUST-5086,NR-STORE-104,Calgary,AB,PRD-1003,3,899.5,2698.5,2026-06-19 20:20:00
ORD-2026-00665,CUST-5116,NR-STORE-104,Calgary,AB,PRD-1004,3,189.99,569.97,2026-02-05 19:16:00
ORD-2026-00666,CUST-5134,NR-STORE-101,Red Deer,AB,PRD-1004,1,189.99,189.99,2026-05-03 21:59:00
ORD-2026-00667,CUST-5034,NR-STORE-105,Red Deer,AB,PRD-1001,1,299.99,299.99,2026-03-22 20:36:00
ORD-2026-00668,CUST-5172,NR-STORE-106,Calgary,AB,PRD-1003,1,899.5,899.5,2026-04-09 12:05:00
ORD-2026-00669,CUST-5043,NR-STORE-102,Calgary,AB,PRD-1003,1,899.5,899.5,2026-06-17 02:03:00
ORD-2026-00670,CUST-5151,NR-STORE-102,Lethbridge,AB,PRD-1002,1,450.0,450.0,2026-06-15 10:28:00
ORD-2026-00671,CUST-5140,NR-STORE-106,Red Deer,AB,PRD-1001,3,299.99,899.97,2026-05-04 05:07:00
ORD-2026-00672,CUST-5185,NR-STORE-103,Calgary,AB,PRD-1002,3,450.0,1350.0,2026-01-11 19:15:00
ORD-2026-00673,CUST-5178,NR-STORE-103,Calgary,AB,PRD-1001,1,299.99,299.99,2026-04-23 15:03:00
ORD-2026-00674,CUST-5140,NR-STORE-106,Calgary,AB,PRD-1002,1,450.0,450.0,2026-04-20 09:00:00
ORD-2026-00675,CUST-5127,NR-STORE-103,Red Deer,AB,PRD-1001,3,299.99,899.97,2026-02-17 02:48:00
ORD-2026-00676,CUST-5052,NR-STORE-105,Lethbridge,AB,PRD-1003,1,899.5,899.5,2026-05-30 04:52:00
ORD-2026-00677,CUST-5186,NR-STORE-105,Calgary,AB,PRD-1001,1,299.99,299.99,2026-05-25 10:15:00
ORD-2026-00678,CUST-5085,NR-STORE-106,Edmonton,AB,PRD-1001,3,299.99,899.97,2026-06-10 19:29:00
ORD-2026-00679,CUST-5147,NR-STORE-103,Medicine Hat,AB,PRD-1001,3,299.99,899.97,2026-02-12 21:31:00
ORD-2026-00680,CUST-5087,NR-STORE-101,Red Deer,AB,PRD-1004,1,189.99,189.99,2026-06-08 12:09:00
ORD-2026-00681,CUST-5034,NR-STORE-101,Edmonton,AB,PRD-1003,2,899.5,1799.0,2026-04-21 01:09:00
ORD-2026-00682,CUST-5030,NR-STORE-103,Edmonton,AB,PRD-1001,2,299.99,599.98,2026-04-05 01:48:00
ORD-2026-00683,CUST-5043,NR-STORE-103,Lethbridge,AB,PRD-1002,2,450.0,900.0,2026-04-08 22:53:00
ORD-2026-00684,CUST-5113,NR-STORE-107,Red Deer,AB,PRD-1003,1,899.5,899.5,2026-06-13 12:04:00
ORD-2026-00685,CUST-5020,NR-STORE-105,Edmonton,AB,PRD-1002,3,450.0,1350.0,2026-06-10 06:57:00
ORD-2026-00686,CUST-5039,NR-STORE-105,Calgary,AB,PRD-1002,1,450.0,450.0,2026-04-28 15:25:00
ORD-2026-00687,CUST-5012,NR-STORE-101,Edmonton,AB,PRD-1001,2,299.99,599.98,2026-04-29 16:44:00
ORD-2026-00688,CUST-5188,NR-STORE-106,Lethbridge,AB,PRD-1001,1,299.99,299.99,2026-04-23 09:39:00
ORD-2026-00689,CUST-5062,NR-STORE-106,Edmonton,AB,PRD-1002,2,450.0,900.0,2026-06-22 04:34:00
ORD-2026-00690,CUST-5065,NR-STORE-101,Lethbridge,AB,PRD-1004,3,189.99,569.97,2026-03-09 21:22:00
ORD-2026-00691,CUST-5058,NR-STORE-106,Calgary,AB,PRD-1004,1,189.99,189.99,2026-03-17 18:42:00
ORD-2026-00692,CUST-5025,NR-STORE-101,Medicine Hat,AB,PRD-1004,1,189.99,189.99,2026-05-08 04:14:00
ORD-2026-00693,CUST-5107,NR-STORE-101,Red Deer,AB,PRD-1004,1,189.99,189.99,2026-06-29 18:08:00
ORD-2026-00694,CUST-5076,NR-STORE-106,Edmonton,AB,PRD-1004,1,189.99,189.99,2026-04-08 20:38:00
ORD-2026-00695,CUST-5121,NR-STORE-103,Edmonton,AB,PRD-1001,2,299.99,599.98,2026-02-22 00:01:00
ORD-2026-00696,CUST-5072,NR-STORE-104,Edmonton,AB,PRD-1002,3,450.0,1350.0,2026-06-08 11:29:00
ORD-2026-00697,CUST-5179,NR-STORE-105,Medicine Hat,AB,PRD-1001,2,299.99,599.98,2026-05-19 02:58:00
ORD-2026-00698,CUST-5018,NR-STORE-107,Medicine Hat,AB,PRD-1003,1,899.5,899.5,2026-06-29 16:18:00
ORD-2026-00699,CUST-5181,NR-STORE-102,Medicine Hat,AB,PRD-1004,2,189.99,379.98,2026-01-21 17:46:00
ORD-2026-00700,CUST-5010,NR-STORE-104,Calgary,AB,PRD-1002,3,450.0,1350.0,2026-03-14 05:51:00
ORD-2026-00701,CUST-5099,NR-STORE-106,Edmonton,AB,PRD-1004,2,189.99,379.98,2026-02-14 07:00:00
ORD-2026-00702,CUST-5183,NR-STORE-105,Red Deer,AB,PRD-1004,2,189.99,379.98,2026-05-15 07:13:00
ORD-2026-00703,CUST-5077,NR-STORE-107,Red Deer,AB,PRD-1003,3,899.5,2698.5,2026-02-22 08:38:00
ORD-2026-00704,CUST-5035,NR-STORE-105,Edmonton,AB,PRD-1002,1,450.0,450.0,2026-02-19 23:23:00
ORD-2026-00705,CUST-5031,NR-STORE-101,Calgary,AB,PRD-1003,2,899.5,1799.0,2026-05-18 20:25:00
ORD-2026-00706,CUST-5022,NR-STORE-102,Edmonton,AB,PRD-1004,1,189.99,189.99,2026-02-01 19:14:00
ORD-2026-00707,CUST-5054,NR-STORE-107,Calgary,AB,PRD-1004,3,189.99,569.97,2026-02-04 11:59:00
ORD-2026-00708,CUST-5038,NR-STORE-106,Red Deer,AB,PRD-1001,1,299.99,299.99,2026-04-10 22:46:00
ORD-2026-00709,CUST-5124,NR-STORE-104,Red Deer,AB,PRD-1003,3,899.5,2698.5,2026-03-03 08:19:00
ORD-2026-00710,CUST-5018,NR-STORE-104,Medicine Hat,AB,PRD-1003,1,899.5,899.5,2026-02-18 08:06:00
ORD-2026-00711,CUST-5093,NR-STORE-103,Edmonton,AB,PRD-1003,1,899.5,899.5,2026-04-14 13:12:00
ORD-2026-00712,CUST-5122,NR-STORE-102,Lethbridge,AB,PRD-1001,2,299.99,599.98,2026-03-12 05:18:00
ORD-2026-00713,CUST-5038,NR-STORE-102,Lethbridge,AB,PRD-1004,1,189.99,189.99,2026-06-29 15:11:00
ORD-2026-00714,CUST-5100,NR-STORE-105,Edmonton,AB,PRD-1002,3,450.0,1350.0,2026-02-12 23:41:00
ORD-2026-00715,CUST-5136,NR-STORE-103,Red Deer,AB,PRD-1004,2,189.99,379.98,2026-01-23 11:34:00
ORD-2026-00716,CUST-5074,NR-STORE-106,Red Deer,AB,PRD-1003,1,899.5,899.5,2026-06-21 05:11:00
ORD-2026-00717,CUST-5112,NR-STORE-102,Edmonton,AB,PRD-1004,3,189.99,569.97,2026-03-06 03:23:00
ORD-2026-00718,CUST-5036,NR-STORE-102,Edmonton,AB,PRD-1002,2,450.0,900.0,2026-05-20 19:54:00
ORD-2026-00719,CUST-5000,NR-STORE-106,Lethbridge,AB,PRD-1004,2,189.99,379.98,2026-02-04 14:08:00
ORD-2026-00720,CUST-5102,NR-STORE-104,Edmonton,AB,PRD-1003,1,899.5,899.5,2026-05-18 22:04:00
ORD-2026-00721,CUST-5013,NR-STORE-104,Lethbridge,AB,PRD-1002,3,450.0,1350.0,2026-04-19 11:17:00
ORD-2026-00722,CUST-5179,NR-STORE-105,Lethbridge,AB,PRD-1001,3,299.99,899.97,2026-04-08 00:28:00
ORD-2026-00723,CUST-5090,NR-STORE-106,Medicine Hat,AB,PRD-1001,3,299.99,899.97,2026-05-29 21:11:00
ORD-2026-00724,CUST-5164,NR-STORE-106,Medicine Hat,AB,PRD-1004,2,189.99,379.98,2026-04-25 18:33:00
ORD-2026-00725,CUST-5021,NR-STORE-104,Edmonton,AB,PRD-1004,1,189.99,189.99,2026-06-26 18:24:00
ORD-2026-00726,CUST-5015,NR-STORE-105,Calgary,AB,PRD-1002,1,450.0,450.0,2026-01-13 12:33:00
ORD-2026-00727,CUST-5200,NR-STORE-104,Medicine Hat,AB,PRD-1003,2,899.5,1799.0,2026-06-15 03:20:00
ORD-2026-00728,CUST-5022,NR-STORE-103,Edmonton,AB,PRD-1004,2,189.99,379.98,2026-03-26 08:04:00
ORD-2026-00729,CUST-5099,NR-STORE-106,Red Deer,AB,PRD-1004,2,189.99,379.98,2026-02-19 03:11:00
ORD-2026-00730,CUST-5115,NR-STORE-104,Lethbridge,AB,PRD-1001,3,299.99,899.97,2026-06-05 00:10:00
ORD-2026-00731,CUST-5014,NR-STORE-105,Medicine Hat,AB,PRD-1002,1,450.0,450.0,2026-01-28 01:15:00
ORD-2026-00732,CUST-5180,NR-STORE-102,Lethbridge,AB,PRD-1001,1,299.99,299.99,2026-03-08 11:11:00
ORD-2026-00733,CUST-5180,NR-STORE-102,Medicine Hat,AB,PRD-1002,3,450.0,1350.0,2026-03-20 22:31:00
ORD-2026-00734,CUST-5060,NR-STORE-104,Lethbridge,AB,PRD-1004,2,189.99,379.98,2026-02-21 07:13:00
ORD-2026-00735,CUST-5185,NR-STORE-107,Edmonton,AB,PRD-1001,2,299.99,599.98,2026-06-10 16:00:00
ORD-2026-00736,CUST-5076,NR-STORE-106,Medicine Hat,AB,PRD-1003,2,899.5,1799.0,2026-06-26 13:10:00
ORD-2026-00737,CUST-5051,NR-STORE-107,Calgary,AB,PRD-1003,1,899.5,899.5,2026-05-13 19:46:00
ORD-2026-00738,CUST-5185,NR-STORE-102,Red Deer,AB,PRD-1003,3,899.5,2698.5,2026-02-28 19:35:00
ORD-2026-00739,CUST-5055,NR-STORE-102,Edmonton,AB,PRD-1001,3,299.99,899.97,2026-04-19 19:48:00
ORD-2026-00740,CUST-5073,NR-STORE-104,Lethbridge,AB,PRD-1001,1,299.99,299.99,2026-06-18 16:26:00
ORD-2026-00741,CUST-5177,NR-STORE-105,Medicine Hat,AB,PRD-1003,2,899.5,1799.0,2026-02-08 21:56:00
ORD-2026-00742,CUST-5200,NR-STORE-102,Medicine Hat,AB,PRD-1004,1,189.99,189.99,2026-02-22 08:29:00
ORD-2026-00743,CUST-5142,NR-STORE-101,Lethbridge,AB,PRD-1004,1,189.99,189.99,2026-04-08 12:28:00
ORD-2026-00744,CUST-5057,NR-STORE-102,Calgary,AB,PRD-1001,3,299.99,899.97,2026-04-12 18:55:00
ORD-2026-00745,CUST-5192,NR-STORE-103,Calgary,AB,PRD-1003,1,899.5,899.5,2026-06-30 00:58:00
ORD-2026-00746,CUST-5150,NR-STORE-107,Edmonton,AB,PRD-1001,3,299.99,899.97,2026-01-21 04:49:00
ORD-2026-00747,CUST-5157,NR-STORE-106,Red Deer,AB,PRD-1001,3,299.99,899.97,2026-01-16 12:27:00
ORD-2026-00748,CUST-5057,NR-STORE-103,Edmonton,AB,PRD-1002,2,450.0,900.0,2026-06-27 13:05:00
ORD-2026-00749,CUST-5072,NR-STORE-106,Edmonton,AB,PRD-1002,2,450.0,900.0,2026-02-25 17:43:00
ORD-2026-00750,CUST-5049,NR-STORE-101,Lethbridge,AB,PRD-1003,3,899.5,2698.5,2026-01-22 13:19:00
ORD-2026-00751,CUST-5030,NR-STORE-101,Red Deer,AB,PRD-1002,3,450.0,1350.0,2026-05-31 02:06:00
ORD-2026-00752,CUST-5097,NR-STORE-107,Edmonton,AB,PRD-1002,2,450.0,900.0,2026-03-29 07:34:00
ORD-2026-00753,CUST-5071,NR-STORE-101,Medicine Hat,AB,PRD-1002,2,450.0,900.0,2026-04-10 21:30:00
ORD-2026-00754,CUST-5014,NR-STORE-103,Medicine Hat,AB,PRD-1001,2,299.99,599.98,2026-06-25 08:55:00
ORD-2026-00755,CUST-5020,NR-STORE-103,Edmonton,AB,PRD-1002,2,450.0,900.0,2026-03-04 22:15:00
ORD-2026-00756,CUST-5057,NR-STORE-103,Calgary,AB,PRD-1001,1,299.99,299.99,2026-01-26 23:51:00
ORD-2026-00757,CUST-5070,NR-STORE-103,Calgary,AB,PRD-1001,1,299.99,299.99,2026-02-08 18:05:00
ORD-2026-00758,CUST-5045,NR-STORE-101,Lethbridge,AB,PRD-1003,2,899.5,1799.0,2026-05-23 19:02:00
ORD-2026-00759,CUST-5129,NR-STORE-107,Medicine Hat,AB,PRD-1001,2,299.99,599.98,2026-05-19 20:35:00
ORD-2026-00760,CUST-5169,NR-STORE-104,Lethbridge,AB,PRD-1001,2,299.99,599.98,2026-03-14 02:20:00
ORD-2026-00761,CUST-5018,NR-STORE-105,Medicine Hat,AB,PRD-1004,3,189.99,569.97,2026-06-02 04:17:00
ORD-2026-00762,CUST-5092,NR-STORE-105,Red Deer,AB,PRD-1002,2,450.0,900.0,2026-02-13 05:00:00
ORD-2026-00763,CUST-5056,NR-STORE-102,Edmonton,AB,PRD-1003,1,899.5,899.5,2026-02-11 17:33:00
ORD-2026-00764,CUST-5065,NR-STORE-106,Lethbridge,AB,PRD-1001,3,299.99,899.97,2026-01-23 03:44:00
ORD-2026-00765,CUST-5019,NR-STORE-105,Calgary,AB,PRD-1001,3,299.99,899.97,2026-03-22 19:31:00
ORD-2026-00766,CUST-5080,NR-STORE-104,Lethbridge,AB,PRD-1003,2,899.5,1799.0,2026-02-21 09:32:00
ORD-2026-00767,CUST-5185,NR-STORE-106,Red Deer,AB,PRD-1004,1,189.99,189.99,2026-01-07 14:40:00
ORD-2026-00768,CUST-5042,NR-STORE-101,Calgary,AB,PRD-1003,2,899.5,1799.0,2026-05-30 19:17:00
ORD-2026-00769,CUST-5058,NR-STORE-102,Lethbridge,AB,PRD-1003,3,899.5,2698.5,2026-04-20 08:28:00
ORD-2026-00770,CUST-5090,NR-STORE-107,Red Deer,AB,PRD-1002,2,450.0,900.0,2026-04-26 07:18:00
ORD-2026-00771,CUST-5033,NR-STORE-105,Calgary,AB,PRD-1002,2,450.0,900.0,2026-01-18 11:22:00
ORD-2026-00772,CUST-5048,NR-STORE-104,Red Deer,AB,PRD-1001,1,299.99,299.99,2026-03-05 16:02:00
ORD-2026-00773,CUST-5171,NR-STORE-104,Edmonton,AB,PRD-1003,1,899.5,899.5,2026-03-13 10:22:00
ORD-2026-00774,CUST-5113,NR-STORE-103,Lethbridge,AB,PRD-1004,2,189.99,379.98,2026-01-13 13:07:00
ORD-2026-00775,CUST-5195,NR-STORE-103,Lethbridge,AB,PRD-1004,3,189.99,569.97,2026-06-16 21:03:00
ORD-2026-00776,CUST-5021,NR-STORE-107,Lethbridge,AB,PRD-1001,2,299.99,599.98,2026-01-09 13:24:00
ORD-2026-00777,CUST-5168,NR-STORE-107,Red Deer,AB,PRD-1001,1,299.99,299.99,2026-01-16 06:30:00
ORD-2026-00778,CUST-5069,NR-STORE-101,Lethbridge,AB,PRD-1003,2,899.5,1799.0,2026-03-14 22:08:00
ORD-2026-00779,CUST-5194,NR-STORE-104,Lethbridge,AB,PRD-1003,2,899.5,1799.0,2026-03-01 21:38:00
ORD-2026-00780,CUST-5008,NR-STORE-102,Calgary,AB,PRD-1002,2,450.0,900.0,2026-02-12 14:50:00
ORD-2026-00781,CUST-5140,NR-STORE-105,Lethbridge,AB,PRD-1001,1,299.99,299.99,2026-06-25 07:06:00
ORD-2026-00782,CUST-5169,NR-STORE-103,Lethbridge,AB,PRD-1004,2,189.99,379.98,2026-02-09 16:31:00
ORD-2026-00783,CUST-5040,NR-STORE-107,Medicine Hat,AB,PRD-1001,2,299.99,599.98,2026-03-21 03:29:00
ORD-2026-00784,CUST-5084,NR-STORE-105,Medicine Hat,AB,PRD-1002,1,450.0,450.0,2026-04-24 14:08:00
ORD-2026-00785,CUST-5095,NR-STORE-107,Medicine Hat,AB,PRD-1004,2,189.99,379.98,2026-04-29 21:10:00
ORD-2026-00786,CUST-5120,NR-STORE-103,Red Deer,AB,PRD-1004,3,189.99,569.97,2026-01-22 21:09:00
ORD-2026-00787,CUST-5092,NR-STORE-102,Medicine Hat,AB,PRD-1004,2,189.99,379.98,2026-03-08 12:19:00
ORD-2026-00788,CUST-5182,NR-STORE-101,Red Deer,AB,PRD-1001,1,299.99,299.99,2026-01-22 01:01:00
ORD-2026-00789,CUST-5023,NR-STORE-102,Medicine Hat,AB,PRD-1003,3,899.5,2698.5,2026-01-17 18:03:00
ORD-2026-00790,CUST-5140,NR-STORE-101,Calgary,AB,PRD-1002,2,450.0,900.0,2026-04-15 05:11:00
ORD-2026-00791,CUST-5163,NR-STORE-104,Medicine Hat,AB,PRD-1001,2,299.99,599.98,2026-01-09 09:13:00
ORD-2026-00792,CUST-5024,NR-STORE-101,Medicine Hat,AB,PRD-1003,2,899.5,1799.0,2026-06-05 15:35:00
ORD-2026-00793,CUST-5091,NR-STORE-102,Lethbridge,AB,PRD-1002,1,450.0,450.0,2026-02-17 09:53:00
ORD-2026-00794,CUST-5053,NR-STORE-104,Edmonton,AB,PRD-1001,3,299.99,899.97,2026-05-22 02:02:00
ORD-2026-00795,CUST-5171,NR-STORE-103,Edmonton,AB,PRD-1001,3,299.99,899.97,2026-04-23 20:57:00
ORD-2026-00796,CUST-5035,NR-STORE-103,Edmonton,AB,PRD-1002,1,450.0,450.0,2026-02-14 06:11:00
ORD-2026-00797,CUST-5174,NR-STORE-102,Red Deer,AB,PRD-1004,1,189.99,189.99,2026-01-19 00:23:00
ORD-2026-00798,CUST-5157,NR-STORE-101,Lethbridge,AB,PRD-1004,3,189.99,569.97,2026-04-06 12:04:00
ORD-2026-00799,CUST-5013,NR-STORE-106,Edmonton,AB,PRD-1001,1,299.99,299.99,2026-06-05 16:10:00
ORD-2026-00800,CUST-5110,NR-STORE-102,Edmonton,AB,PRD-1004,2,189.99,379.98,2026-05-06 05:43:00
ORD-2026-00801,CUST-5142,NR-STORE-106,Edmonton,AB,PRD-1002,2,450.0,900.0,2026-06-19 14:09:00
ORD-2026-00802,CUST-5126,NR-STORE-107,Lethbridge,AB,PRD-1001,3,299.99,899.97,2026-01-12 12:25:00
ORD-2026-00803,CUST-5008,NR-STORE-104,Edmonton,AB,PRD-1001,1,299.99,299.99,2026-06-15 10:05:00
ORD-2026-00804,CUST-5126,NR-STORE-103,Calgary,AB,PRD-1001,2,299.99,599.98,2026-06-24 01:26:00
ORD-2026-00805,CUST-5162,NR-STORE-105,Medicine Hat,AB,PRD-1003,3,899.5,2698.5,2026-02-17 18:02:00
ORD-2026-00806,CUST-5056,NR-STORE-107,Lethbridge,AB,PRD-1003,1,899.5,899.5,2026-03-24 00:58:00
ORD-2026-00807,CUST-5198,NR-STORE-105,Medicine Hat,AB,PRD-1003,2,899.5,1799.0,2026-02-25 13:04:00
ORD-2026-00808,CUST-5030,NR-STORE-101,Edmonton,AB,PRD-1001,2,299.99,599.98,2026-03-22 21:56:00
ORD-2026-00809,CUST-5101,NR-STORE-107,Edmonton,AB,PRD-1002,3,450.0,1350.0,2026-05-23 10:59:00
ORD-2026-00810,CUST-5095,NR-STORE-105,Lethbridge,AB,PRD-1001,2,299.99,599.98,2026-03-23 14:19:00
ORD-2026-00811,CUST-5118,NR-STORE-102,Edmonton,AB,PRD-1002,1,450.0,450.0,2026-06-06 05:34:00
ORD-2026-00812,CUST-5149,NR-STORE-105,Lethbridge,AB,PRD-1004,1,189.99,189.99,2026-04-05 13:54:00
ORD-2026-00813,CUST-5192,NR-STORE-104,Lethbridge,AB,PRD-1002,1,450.0,450.0,2026-02-02 15:48:00
ORD-2026-00814,CUST-5114,NR-STORE-107,Calgary,AB,PRD-1001,3,299.99,899.97,2026-03-01 20:43:00
ORD-2026-00815,CUST-5162,NR-STORE-107,Red Deer,AB,PRD-1003,3,899.5,2698.5,2026-05-17 00:39:00
ORD-2026-00816,CUST-5183,NR-STORE-107,Lethbridge,AB,PRD-1002,1,450.0,450.0,2026-02-25 08:43:00
ORD-2026-00817,CUST-5082,NR-STORE-107,Calgary,AB,PRD-1002,3,450.0,1350.0,2026-02-26 12:03:00
ORD-2026-00818,CUST-5120,NR-STORE-105,Medicine Hat,AB,PRD-1003,3,899.5,2698.5,2026-03-11 10:09:00
ORD-2026-00819,CUST-5057,NR-STORE-102,Medicine Hat,AB,PRD-1004,3,189.99,569.97,2026-02-13 21:49:00
ORD-2026-00820,CUST-5074,NR-STORE-102,Edmonton,AB,PRD-1001,2,299.99,599.98,2026-04-03 22:04:00
ORD-2026-00821,CUST-5076,NR-STORE-103,Lethbridge,AB,PRD-1004,2,189.99,379.98,2026-01-10 13:52:00
ORD-2026-00822,CUST-5077,NR-STORE-106,Edmonton,AB,PRD-1001,1,299.99,299.99,2026-04-16 04:25:00
ORD-2026-00823,CUST-5073,NR-STORE-105,Calgary,AB,PRD-1001,3,299.99,899.97,2026-04-07 21:55:00
ORD-2026-00824,CUST-5010,NR-STORE-106,Calgary,AB,PRD-1003,2,899.5,1799.0,2026-01-06 15:44:00
ORD-2026-00825,CUST-5187,NR-STORE-103,Lethbridge,AB,PRD-1001,1,299.99,299.99,2026-04-17 12:14:00
ORD-2026-00826,CUST-5080,NR-STORE-101,Edmonton,AB,PRD-1003,3,899.5,2698.5,2026-04-22 01:45:00
ORD-2026-00827,CUST-5165,NR-STORE-101,Medicine Hat,AB,PRD-1004,2,189.99,379.98,2026-03-31 21:32:00
ORD-2026-00828,CUST-5194,NR-STORE-106,Calgary,AB,PRD-1003,3,899.5,2698.5,2026-01-25 18:51:00
ORD-2026-00829,CUST-5178,NR-STORE-101,Lethbridge,AB,PRD-1001,1,299.99,299.99,2026-01-20 23:09:00
ORD-2026-00830,CUST-5015,NR-STORE-104,Lethbridge,AB,PRD-1003,3,899.5,2698.5,2026-06-03 08:20:00
ORD-2026-00831,CUST-5179,NR-STORE-106,Red Deer,AB,PRD-1004,3,189.99,569.97,2026-01-09 16:37:00
ORD-2026-00832,CUST-5049,NR-STORE-105,Red Deer,AB,PRD-1003,1,899.5,899.5,2026-06-19 04:47:00
ORD-2026-00833,CUST-5136,NR-STORE-105,Lethbridge,AB,PRD-1002,1,450.0,450.0,2026-04-16 02:38:00
ORD-2026-00834,CUST-5184,NR-STORE-102,Red Deer,AB,PRD-1003,2,899.5,1799.0,2026-05-11 14:29:00
ORD-2026-00835,CUST-5089,NR-STORE-105,Medicine Hat,AB,PRD-1003,1,899.5,899.5,2026-04-05 01:02:00
ORD-2026-00836,CUST-5091,NR-STORE-106,Red Deer,AB,PRD-1004,3,189.99,569.97,2026-06-19 04:34:00
ORD-2026-00837,CUST-5164,NR-STORE-101,Calgary,AB,PRD-1003,3,899.5,2698.5,2026-05-25 01:09:00
ORD-2026-00838,CUST-5082,NR-STORE-103,Red Deer,AB,PRD-1001,1,299.99,299.99,2026-05-01 22:24:00
ORD-2026-00839,CUST-5188,NR-STORE-105,Edmonton,AB,PRD-1003,1,899.5,899.5,2026-05-21 00:26:00
ORD-2026-00840,CUST-5079,NR-STORE-103,Edmonton,AB,PRD-1003,2,899.5,1799.0,2026-03-18 14:08:00
ORD-2026-00841,CUST-5145,NR-STORE-106,Medicine Hat,AB,PRD-1003,1,899.5,899.5,2026-01-06 20:13:00
ORD-2026-00842,CUST-5117,NR-STORE-106,Lethbridge,AB,PRD-1002,1,450.0,450.0,2026-02-01 16:15:00
ORD-2026-00843,CUST-5181,NR-STORE-104,Calgary,AB,PRD-1001,1,299.99,299.99,2026-01-11 08:24:00
ORD-2026-00844,CUST-5194,NR-STORE-104,Medicine Hat,AB,PRD-1002,2,450.0,900.0,2026-01-19 13:47:00
ORD-2026-00845,CUST-5006,NR-STORE-103,Medicine Hat,AB,PRD-1004,2,189.99,379.98,2026-03-13 12:47:00
ORD-2026-00846,CUST-5058,NR-STORE-103,Edmonton,AB,PRD-1003,2,899.5,1799.0,2026-03-21 08:40:00
ORD-2026-00847,CUST-5056,NR-STORE-101,Red Deer,AB,PRD-1001,2,299.99,599.98,2026-05-03 21:40:00
ORD-2026-00848,CUST-5142,NR-STORE-106,Calgary,AB,PRD-1004,2,189.99,379.98,2026-04-29 08:15:00
ORD-2026-00849,CUST-5162,NR-STORE-107,Red Deer,AB,PRD-1002,2,450.0,900.0,2026-02-18 19:49:00
ORD-2026-00850,CUST-5064,NR-STORE-106,Calgary,AB,PRD-1004,2,189.99,379.98,2026-02-08 22:44:00
ORD-2026-00851,CUST-5138,NR-STORE-105,Calgary,AB,PRD-1004,3,189.99,569.97,2026-01-04 17:38:00
ORD-2026-00852,CUST-5076,NR-STORE-106,Lethbridge,AB,PRD-1001,1,299.99,299.99,2026-06-16 22:26:00
ORD-2026-00853,CUST-5019,NR-STORE-107,Red Deer,AB,PRD-1002,3,450.0,1350.0,2026-03-22 07:18:00
ORD-2026-00854,CUST-5176,NR-STORE-106,Edmonton,AB,PRD-1001,2,299.99,599.98,2026-06-10 20:54:00
ORD-2026-00855,CUST-5163,NR-STORE-101,Calgary,AB,PRD-1002,3,450.0,1350.0,2026-06-01 05:56:00
ORD-2026-00856,CUST-5089,NR-STORE-105,Medicine Hat,AB,PRD-1003,3,899.5,2698.5,2026-05-30 17:58:00
ORD-2026-00857,CUST-5049,NR-STORE-101,Calgary,AB,PRD-1001,3,299.99,899.97,2026-04-17 18:42:00
ORD-2026-00858,CUST-5155,NR-STORE-102,Edmonton,AB,PRD-1003,2,899.5,1799.0,2026-02-01 07:01:00
ORD-2026-00859,CUST-5108,NR-STORE-103,Edmonton,AB,PRD-1003,2,899.5,1799.0,2026-06-25 00:04:00
ORD-2026-00860,CUST-5176,NR-STORE-107,Red Deer,AB,PRD-1002,3,450.0,1350.0,2026-01-28 05:13:00
ORD-2026-00861,CUST-5068,NR-STORE-104,Edmonton,AB,PRD-1003,2,899.5,1799.0,2026-03-03 15:16:00
ORD-2026-00862,CUST-5032,NR-STORE-103,Edmonton,AB,PRD-1004,3,189.99,569.97,2026-04-14 09:44:00
ORD-2026-00863,CUST-5027,NR-STORE-105,Calgary,AB,PRD-1004,2,189.99,379.98,2026-04-15 05:42:00
ORD-2026-00864,CUST-5068,NR-STORE-102,Lethbridge,AB,PRD-1003,3,899.5,2698.5,2026-05-03 03:51:00
ORD-2026-00865,CUST-5028,NR-STORE-107,Red Deer,AB,PRD-1002,3,450.0,1350.0,2026-06-13 04:16:00
ORD-2026-00866,CUST-5100,NR-STORE-107,Lethbridge,AB,PRD-1003,1,899.5,899.5,2026-05-02 08:28:00
ORD-2026-00867,CUST-5142,NR-STORE-104,Medicine Hat,AB,PRD-1001,1,299.99,299.99,2026-02-25 18:06:00
ORD-2026-00868,CUST-5130,NR-STORE-101,Lethbridge,AB,PRD-1004,3,189.99,569.97,2026-05-16 22:10:00
ORD-2026-00869,CUST-5161,NR-STORE-106,Edmonton,AB,PRD-1004,3,189.99,569.97,2026-04-25 22:22:00
ORD-2026-00870,CUST-5143,NR-STORE-103,Edmonton,AB,PRD-1001,1,299.99,299.99,2026-03-24 04:07:00
ORD-2026-00871,CUST-5088,NR-STORE-105,Edmonton,AB,PRD-1001,3,299.99,899.97,2026-06-06 17:15:00
ORD-2026-00872,CUST-5176,NR-STORE-104,Edmonton,AB,PRD-1004,3,189.99,569.97,2026-02-11 04:23:00
ORD-2026-00873,CUST-5107,NR-STORE-106,Medicine Hat,AB,PRD-1001,2,299.99,599.98,2026-02-12 00:31:00
ORD-2026-00874,CUST-5097,NR-STORE-102,Medicine Hat,AB,PRD-1004,2,189.99,379.98,2026-06-20 00:37:00
ORD-2026-00875,CUST-5049,NR-STORE-101,Red Deer,AB,PRD-1002,1,450.0,450.0,2026-06-28 18:37:00
ORD-2026-00876,CUST-5167,NR-STORE-106,Red Deer,AB,PRD-1004,2,189.99,379.98,2026-03-18 03:13:00
ORD-2026-00877,CUST-5064,NR-STORE-101,Lethbridge,AB,PRD-1002,1,450.0,450.0,2026-05-04 12:51:00
ORD-2026-00878,CUST-5039,NR-STORE-107,Lethbridge,AB,PRD-1003,2,899.5,1799.0,2026-02-23 14:50:00
ORD-2026-00879,CUST-5172,NR-STORE-105,Lethbridge,AB,PRD-1003,1,899.5,899.5,2026-04-04 21:59:00
ORD-2026-00880,CUST-5041,NR-STORE-103,Lethbridge,AB,PRD-1003,3,899.5,2698.5,2026-05-20 09:11:00
ORD-2026-00881,CUST-5199,NR-STORE-102,Calgary,AB,PRD-1004,1,189.99,189.99,2026-05-21 12:42:00
ORD-2026-00882,CUST-5071,NR-STORE-103,Red Deer,AB,PRD-1001,3,299.99,899.97,2026-01-12 03:18:00
ORD-2026-00883,CUST-5020,NR-STORE-107,Medicine Hat,AB,PRD-1001,2,299.99,599.98,2026-05-12 22:57:00
ORD-2026-00884,CUST-5015,NR-STORE-102,Red Deer,AB,PRD-1002,3,450.0,1350.0,2026-01-03 11:20:00
ORD-2026-00885,CUST-5119,NR-STORE-105,Red Deer,AB,PRD-1003,1,899.5,899.5,2026-05-31 14:58:00
ORD-2026-00886,CUST-5067,NR-STORE-107,Calgary,AB,PRD-1003,1,899.5,899.5,2026-05-06 09:07:00
ORD-2026-00887,CUST-5122,NR-STORE-105,Edmonton,AB,PRD-1001,2,299.99,599.98,2026-04-14 10:40:00
ORD-2026-00888,CUST-5184,NR-STORE-101,Lethbridge,AB,PRD-1004,2,189.99,379.98,2026-04-20 16:27:00
ORD-2026-00889,CUST-5155,NR-STORE-107,Calgary,AB,PRD-1004,1,189.99,189.99,2026-05-16 15:56:00
ORD-2026-00890,CUST-5011,NR-STORE-106,Red Deer,AB,PRD-1001,2,299.99,599.98,2026-06-14 08:56:00
ORD-2026-00891,CUST-5082,NR-STORE-101,Edmonton,AB,PRD-1003,2,899.5,1799.0,2026-04-27 06:07:00
ORD-2026-00892,CUST-5141,NR-STORE-107,Edmonton,AB,PRD-1002,3,450.0,1350.0,2026-01-17 05:53:00
ORD-2026-00893,CUST-5000,NR-STORE-102,Edmonton,AB,PRD-1001,2,299.99,599.98,2026-06-03 02:36:00
ORD-2026-00894,CUST-5054,NR-STORE-104,Red Deer,AB,PRD-1001,1,299.99,299.99,2026-03-29 10:40:00
ORD-2026-00895,CUST-5031,NR-STORE-104,Medicine Hat,AB,PRD-1004,3,189.99,569.97,2026-03-15 14:08:00
ORD-2026-00896,CUST-5036,NR-STORE-106,Edmonton,AB,PRD-1001,1,299.99,299.99,2026-04-20 03:20:00
ORD-2026-00897,CUST-5175,NR-STORE-105,Red Deer,AB,PRD-1004,2,189.99,379.98,2026-01-10 07:54:00
ORD-2026-00898,CUST-5027,NR-STORE-106,Lethbridge,AB,PRD-1004,3,189.99,569.97,2026-06-25 12:55:00
ORD-2026-00899,CUST-5132,NR-STORE-103,Lethbridge,AB,PRD-1002,1,450.0,450.0,2026-06-11 16:24:00
ORD-2026-00900,CUST-5125,NR-STORE-106,Lethbridge,AB,PRD-1002,2,450.0,900.0,2026-02-26 11:58:00
ORD-2026-00901,CUST-5130,NR-STORE-103,Calgary,AB,PRD-1002,1,450.0,450.0,2026-02-11 19:16:00
ORD-2026-00902,CUST-5087,NR-STORE-105,Calgary,AB,PRD-1002,1,450.0,450.0,2026-01-18 13:03:00
ORD-2026-00903,CUST-5182,NR-STORE-102,Calgary,AB,PRD-1002,2,450.0,900.0,2026-03-29 03:45:00
ORD-2026-00904,CUST-5125,NR-STORE-103,Edmonton,AB,PRD-1003,2,899.5,1799.0,2026-03-22 16:56:00
ORD-2026-00905,CUST-5198,NR-STORE-105,Red Deer,AB,PRD-1003,2,899.5,1799.0,2026-03-06 07:01:00
ORD-2026-00906,CUST-5170,NR-STORE-104,Medicine Hat,AB,PRD-1004,1,189.99,189.99,2026-01-21 18:52:00
ORD-2026-00907,CUST-5120,NR-STORE-106,Red Deer,AB,PRD-1003,1,899.5,899.5,2026-01-24 06:20:00
ORD-2026-00908,CUST-5179,NR-STORE-107,Lethbridge,AB,PRD-1004,2,189.99,379.98,2026-03-08 03:16:00
ORD-2026-00909,CUST-5058,NR-STORE-102,Edmonton,AB,PRD-1001,3,299.99,899.97,2026-06-23 21:23:00
ORD-2026-00910,CUST-5023,NR-STORE-104,Lethbridge,AB,PRD-1003,1,899.5,899.5,2026-03-25 10:09:00
ORD-2026-00911,CUST-5104,NR-STORE-102,Edmonton,AB,PRD-1001,3,299.99,899.97,2026-01-10 13:19:00
ORD-2026-00912,CUST-5069,NR-STORE-107,Edmonton,AB,PRD-1001,2,299.99,599.98,2026-01-01 07:24:00
ORD-2026-00913,CUST-5154,NR-STORE-101,Calgary,AB,PRD-1004,3,189.99,569.97,2026-06-24 08:07:00
ORD-2026-00914,CUST-5024,NR-STORE-102,Red Deer,AB,PRD-1004,2,189.99,379.98,2026-01-15 22:40:00
ORD-2026-00915,CUST-5067,NR-STORE-107,Edmonton,AB,PRD-1004,3,189.99,569.97,2026-01-29 23:48:00
ORD-2026-00916,CUST-5129,NR-STORE-105,Medicine Hat,AB,PRD-1002,3,450.0,1350.0,2026-05-24 10:05:00
ORD-2026-00917,CUST-5118,NR-STORE-106,Red Deer,AB,PRD-1003,1,899.5,899.5,2026-04-23 17:53:00
ORD-2026-00918,CUST-5141,NR-STORE-101,Red Deer,AB,PRD-1001,2,299.99,599.98,2026-01-31 00:19:00
ORD-2026-00919,CUST-5130,NR-STORE-106,Medicine Hat,AB,PRD-1002,3,450.0,1350.0,2026-05-23 00:46:00
ORD-2026-00920,CUST-5044,NR-STORE-106,Red Deer,AB,PRD-1004,2,189.99,379.98,2026-06-13 03:33:00
ORD-2026-00921,CUST-5072,NR-STORE-103,Red Deer,AB,PRD-1004,3,189.99,569.97,2026-05-17 15:51:00
ORD-2026-00922,CUST-5015,NR-STORE-101,Calgary,AB,PRD-1004,2,189.99,379.98,2026-04-20 23:33:00
ORD-2026-00923,CUST-5126,NR-STORE-103,Calgary,AB,PRD-1001,1,299.99,299.99,2026-03-27 15:57:00
ORD-2026-00924,CUST-5026,NR-STORE-107,Red Deer,AB,PRD-1001,2,299.99,599.98,2026-03-01 10:10:00
ORD-2026-00925,CUST-5137,NR-STORE-102,Edmonton,AB,PRD-1001,2,299.99,599.98,2026-02-12 05:31:00
ORD-2026-00926,CUST-5136,NR-STORE-104,Edmonton,AB,PRD-1003,3,899.5,2698.5,2026-02-02 13:41:00
ORD-2026-00927,CUST-5113,NR-STORE-105,Medicine Hat,AB,PRD-1004,1,189.99,189.99,2026-01-13 20:28:00
ORD-2026-00928,CUST-5021,NR-STORE-106,Calgary,AB,PRD-1001,1,299.99,299.99,2026-03-13 11:21:00
ORD-2026-00929,CUST-5142,NR-STORE-105,Red Deer,AB,PRD-1004,1,189.99,189.99,2026-04-26 01:55:00
ORD-2026-00930,CUST-5008,NR-STORE-104,Red Deer,AB,PRD-1002,1,450.0,450.0,2026-05-12 01:48:00
ORD-2026-00931,CUST-5191,NR-STORE-102,Edmonton,AB,PRD-1002,2,450.0,900.0,2026-06-21 11:59:00
ORD-2026-00932,CUST-5094,NR-STORE-104,Medicine Hat,AB,PRD-1001,1,299.99,299.99,2026-04-20 19:40:00
ORD-2026-00933,CUST-5186,NR-STORE-103,Edmonton,AB,PRD-1001,1,299.99,299.99,2026-01-06 10:30:00
ORD-2026-00934,CUST-5155,NR-STORE-105,Lethbridge,AB,PRD-1004,2,189.99,379.98,2026-04-25 02:51:00
ORD-2026-00935,CUST-5182,NR-STORE-107,Medicine Hat,AB,PRD-1002,1,450.0,450.0,2026-06-22 15:14:00
ORD-2026-00936,CUST-5092,NR-STORE-104,Edmonton,AB,PRD-1003,2,899.5,1799.0,2026-05-27 10:27:00
ORD-2026-00937,CUST-5185,NR-STORE-106,Medicine Hat,AB,PRD-1003,1,899.5,899.5,2026-05-09 06:18:00
ORD-2026-00938,CUST-5170,NR-STORE-106,Medicine Hat,AB,PRD-1003,3,899.5,2698.5,2026-03-24 13:34:00
ORD-2026-00939,CUST-5085,NR-STORE-102,Calgary,AB,PRD-1004,2,189.99,379.98,2026-02-17 11:36:00
ORD-2026-00940,CUST-5196,NR-STORE-106,Medicine Hat,AB,PRD-1001,2,299.99,599.98,2026-06-08 16:48:00
ORD-2026-00941,CUST-5190,NR-STORE-102,Medicine Hat,AB,PRD-1001,2,299.99,599.98,2026-02-07 21:22:00
ORD-2026-00942,CUST-5045,NR-STORE-106,Medicine Hat,AB,PRD-1004,2,189.99,379.98,2026-02-04 13:56:00
ORD-2026-00943,CUST-5180,NR-STORE-106,Edmonton,AB,PRD-1001,3,299.99,899.97,2026-01-23 05:38:00
ORD-2026-00944,CUST-5127,NR-STORE-101,Calgary,AB,PRD-1003,3,899.5,2698.5,2026-03-11 23:57:00
ORD-2026-00945,CUST-5090,NR-STORE-102,Red Deer,AB,PRD-1004,3,189.99,569.97,2026-01-25 23:55:00
ORD-2026-00946,CUST-5096,NR-STORE-106,Red Deer,AB,PRD-1002,1,450.0,450.0,2026-02-17 01:20:00
ORD-2026-00947,CUST-5166,NR-STORE-105,Calgary,AB,PRD-1001,3,299.99,899.97,2026-01-27 15:25:00
ORD-2026-00948,CUST-5129,NR-STORE-106,Medicine Hat,AB,PRD-1002,1,450.0,450.0,2026-03-06 07:52:00
ORD-2026-00949,CUST-5063,NR-STORE-102,Calgary,AB,PRD-1002,2,450.0,900.0,2026-05-22 04:04:00
ORD-2026-00950,CUST-5160,NR-STORE-103,Edmonton,AB,PRD-1001,3,299.99,899.97,2026-06-28 16:52:00
ORD-2026-00951,CUST-5049,NR-STORE-103,Medicine Hat,AB,PRD-1002,1,450.0,450.0,2026-06-20 06:11:00
ORD-2026-00952,CUST-5058,NR-STORE-101,Calgary,AB,PRD-1001,1,299.99,299.99,2026-04-07 00:10:00
ORD-2026-00953,CUST-5014,NR-STORE-104,Medicine Hat,AB,PRD-1002,1,450.0,450.0,2026-05-10 06:19:00
ORD-2026-00954,CUST-5002,NR-STORE-102,Lethbridge,AB,PRD-1002,3,450.0,1350.0,2026-06-12 01:46:00
ORD-2026-00955,CUST-5095,NR-STORE-104,Lethbridge,AB,PRD-1003,2,899.5,1799.0,2026-06-11 12:20:00
ORD-2026-00956,CUST-5031,NR-STORE-103,Calgary,AB,PRD-1002,3,450.0,1350.0,2026-06-25 02:46:00
ORD-2026-00957,CUST-5048,NR-STORE-102,Medicine Hat,AB,PRD-1001,1,299.99,299.99,2026-01-22 05:48:00
ORD-2026-00958,CUST-5125,NR-STORE-102,Lethbridge,AB,PRD-1003,1,899.5,899.5,2026-04-03 06:44:00
ORD-2026-00959,CUST-5110,NR-STORE-107,Medicine Hat,AB,PRD-1003,1,899.5,899.5,2026-03-15 10:40:00
ORD-2026-00960,CUST-5154,NR-STORE-106,Medicine Hat,AB,PRD-1003,3,899.5,2698.5,2026-02-14 11:47:00
ORD-2026-00961,CUST-5089,NR-STORE-102,Edmonton,AB,PRD-1003,3,899.5,2698.5,2026-01-24 16:05:00
ORD-2026-00962,CUST-5027,NR-STORE-101,Red Deer,AB,PRD-1001,2,299.99,599.98,2026-03-26 06:08:00
ORD-2026-00963,CUST-5190,NR-STORE-104,Red Deer,AB,PRD-1002,1,450.0,450.0,2026-04-11 18:47:00
ORD-2026-00964,CUST-5039,NR-STORE-101,Lethbridge,AB,PRD-1004,3,189.99,569.97,2026-01-05 12:29:00
ORD-2026-00965,CUST-5098,NR-STORE-102,Edmonton,AB,PRD-1004,2,189.99,379.98,2026-02-12 15:54:00
ORD-2026-00966,CUST-5057,NR-STORE-105,Calgary,AB,PRD-1003,3,899.5,2698.5,2026-03-17 19:36:00
ORD-2026-00967,CUST-5087,NR-STORE-104,Calgary,AB,PRD-1002,1,450.0,450.0,2026-01-15 12:47:00
ORD-2026-00968,CUST-5128,NR-STORE-107,Red Deer,AB,PRD-1002,1,450.0,450.0,2026-06-20 16:40:00
ORD-2026-00969,CUST-5155,NR-STORE-106,Edmonton,AB,PRD-1003,1,899.5,899.5,2026-04-17 18:13:00
ORD-2026-00970,CUST-5158,NR-STORE-105,Medicine Hat,AB,PRD-1001,2,299.99,599.98,2026-05-05 20:09:00
ORD-2026-00971,CUST-5186,NR-STORE-105,Calgary,AB,PRD-1003,3,899.5,2698.5,2026-05-21 11:56:00
ORD-2026-00972,CUST-5178,NR-STORE-107,Red Deer,AB,PRD-1004,2,189.99,379.98,2026-06-09 18:20:00
ORD-2026-00973,CUST-5181,NR-STORE-104,Medicine Hat,AB,PRD-1001,3,299.99,899.97,2026-01-05 06:07:00
ORD-2026-00974,CUST-5100,NR-STORE-107,Lethbridge,AB,PRD-1003,1,899.5,899.5,2026-02-05 01:04:00
ORD-2026-00975,CUST-5172,NR-STORE-105,Calgary,AB,PRD-1003,3,899.5,2698.5,2026-04-21 15:28:00
ORD-2026-00976,CUST-5064,NR-STORE-105,Lethbridge,AB,PRD-1004,1,189.99,189.99,2026-06-24 20:38:00
ORD-2026-00977,CUST-5052,NR-STORE-102,Calgary,AB,PRD-1004,1,189.99,189.99,2026-02-22 14:36:00
ORD-2026-00978,CUST-5150,NR-STORE-107,Medicine Hat,AB,PRD-1001,1,299.99,299.99,2026-04-22 20:25:00
ORD-2026-00979,CUST-5078,NR-STORE-103,Lethbridge,AB,PRD-1003,1,899.5,899.5,2026-04-05 12:55:00
ORD-2026-00980,CUST-5033,NR-STORE-101,Medicine Hat,AB,PRD-1004,3,189.99,569.97,2026-01-03 16:52:00
ORD-2026-00981,CUST-5135,NR-STORE-103,Edmonton,AB,PRD-1002,3,450.0,1350.0,2026-01-16 12:27:00
ORD-2026-00982,CUST-5194,NR-STORE-104,Calgary,AB,PRD-1003,2,899.5,1799.0,2026-02-06 17:00:00
ORD-2026-00983,CUST-5059,NR-STORE-101,Lethbridge,AB,PRD-1002,1,450.0,450.0,2026-01-30 09:16:00
ORD-2026-00984,CUST-5034,NR-STORE-101,Red Deer,AB,PRD-1001,2,299.99,599.98,2026-05-12 05:09:00
ORD-2026-00985,CUST-5088,NR-STORE-103,Medicine Hat,AB,PRD-1002,1,450.0,450.0,2026-03-03 01:50:00
ORD-2026-00986,CUST-5112,NR-STORE-102,Calgary,AB,PRD-1002,3,450.0,1350.0,2026-01-13 02:26:00
ORD-2026-00987,CUST-5073,NR-STORE-104,Red Deer,AB,PRD-1002,3,450.0,1350.0,2026-04-21 06:19:00
ORD-2026-00988,CUST-5187,NR-STORE-105,Lethbridge,AB,PRD-1004,1,189.99,189.99,2026-05-17 14:34:00
ORD-2026-00989,CUST-5064,NR-STORE-104,Edmonton,AB,PRD-1002,3,450.0,1350.0,2026-06-07 08:10:00
ORD-2026-00990,CUST-5118,NR-STORE-103,Medicine Hat,AB,PRD-1003,2,899.5,1799.0,2026-05-15 06:36:00
ORD-2026-00991,CUST-5159,NR-STORE-106,Edmonton,AB,PRD-1004,1,189.99,189.99,2026-06-10 15:21:00
ORD-2026-00992,CUST-5172,NR-STORE-105,Lethbridge,AB,PRD-1004,2,189.99,379.98,2026-02-10 20:40:00
ORD-2026-00993,CUST-5053,NR-STORE-102,Lethbridge,AB,PRD-1004,3,189.99,569.97,2026-06-19 14:51:00
ORD-2026-00994,CUST-5104,NR-STORE-101,Red Deer,AB,PRD-1002,2,450.0,900.0,2026-03-11 01:45:00
ORD-2026-00995,CUST-5100,NR-STORE-106,Red Deer,AB,PRD-1004,1,189.99,189.99,2026-05-14 21:21:00
ORD-2026-00996,CUST-5123,NR-STORE-107,Lethbridge,AB,PRD-1002,1,450.0,450.0,2026-04-11 12:46:00
ORD-2026-00997,CUST-5125,NR-STORE-106,Red Deer,AB,PRD-1003,1,899.5,899.5,2026-05-31 03:46:00
ORD-2026-00998,CUST-5195,NR-STORE-107,Edmonton,AB,PRD-1002,2,450.0,900.0,2026-01-29 05:08:00
ORD-2026-00999,CUST-5087,NR-STORE-105,Calgary,AB,PRD-1003,1,899.5,899.5,2026-01-07 20:52:00
ORD-2026-01000,CUST-5018,NR-STORE-104,Edmonton,AB,PRD-1004,3,189.99,569.97,2026-02-23 17:04:00
